StudentID,FirstName,LastName,Certificate,Notes
1,John,Belldas,hrPtKHrFzR,THIS IS JOHNY BEEEEEE
2,Jean,Kamaria,zzYfNHveYRr,GAcNrvltneqWtUrn
3,Suzette,Lenny,frhIvDAnOIWMXLP,KSdibfORljTZnNDp
4,Sabina,Sallyann,udYtPKlnKfdNOI,THYglDSEIwhGC
5,Trixi,Ellerey,AiDMNMRhlPQ,eVsZHrlwRSmuqFTs
6,Deane,Nicoline,wEJmnK MotmR,bwcGFIzZAoKdP
7,Codie,Nerita,IrZTESgwQAtg,MXlXVhNEaXH
8,Emylee,Sheng,oDeFfJpOKv,NtWJxdQMsslP
9,Mary,Silvan,SJQophq HwN,OvXwoKWBkXzbR
10,Karolina,Abram,GVJJjJVjRsWJDqSD,IBoDVKVggEI
11,Lindie,Velick,KSjduamuxwkRED,POfoMCcJtu
12,Morganica,Stephie,BNgnDdBhGxTHRL,lrDuOuHVOKvgu
13,Fawne,Lilybelle,EQQVgeixsXRLgcSx,MytsYrDCzjm
14,Nonnah,Tacye,BjeAlpzEPQijD,fiHZGaYyPtBO
15,Jany,Joachim,gxkaoIpafOviLnSH,NkUzUnjRLOPU
16,Sheelagh,Toni,eJylMuJOYQS,OwMylHhvBt
17,Starla,Hieronymus,togvbTbumfnH,zJzotvuyNNtU
18,Karena,McNully,lmNDasTLHlBilB,jHMuvZsxXMZ
19,Alie,Lumbard,UlMLUwHCAnMXt,jueIByeOMFuDph
20,Rubie,Linehan,YGGWmenANEaIUO,YGEhpodKJlw
21,Linzy,Gaspard,wUBtIdIXYVVfEu,PltgMonfllqvIA
22,Leia,Dex,fmtNSQEfRlOFNLx,PWyvRDNFBtO
23,Lanae,Raseda,HOusVsliFp,dQWbyErymLVvFNQ
24,Antonietta,Niles,pCesBjYeDf,qOqfjFhMIaIA
25,Paulita,Pattin,KgRyOENWFFFyRH,OXsoQZfdvJSxHy
26,Berta,Bakerman,BqnmoLBqFsPjJ,bsPxqCZVxl
27,Cecile,Thema,HXUDcSMQmW,EjMqPAcvMjVRxbyB
28,Lolita,Socha,UlLeNmiVzuqOu,oUmShiUrMNkf
29,Tobe,Lia,RU x OlPAgYFwki,dmDnsXndRjjxfEfn
30,Nariko,Kunin,EjXdqvbtnhgN,FuCLGUxdblvzv
31,Sonni,Laverne,bMJDsHZLYfHxpqgO,tnmtqlzCXosGEqK
32,Ayn,Tybald,MTiWXCUTyKVsna,RPWqwdPUVnGZXguI
33,Lanna,Karl,hpQUKdUUvNtBpISM,mvBEktfBcYRlYBi
34,Kathi,Leopold," mgRqjaHDOgP",UguOKQvpGDhUPGKP
35,Shauna,Saunderson,XLzJvOlwsNK,ZZdFNjwPCF
36,Vonny,Old,wGcdbOeEaeY,UKWGRrNmSxjysrHF
37,Celene,Stover,vsvVdkSIxenMRh,ortfvPVxWYywkL
38,Belinda,Vale,sbgGFGqdBkClyO ,fMGkspJnaMdgjcRb
39,Marcelline,Schroth,X fAzXp GNds,JVTAEecrvC
40,Lucille,Karna,TRwqbpPNQvUus,DUsUIeWykxz
41,Gavrielle,Vorster,WCZBPgwBYgh,rMPincrShhr
42,Jaime,Heidt,STRpKZOHCx,mlivQnQTEQJZFv
43,Fayre,Lemuela,HDhZtFkFdZSQyd,cFSMjLzTvDakupis
44,Cyndie,Aida,faRDNMRdXRUph,yUjLjoVYCXFBY
45,Marylou,Rodmann,DiNRkzStDpWwEWvn,kXvMOmHYwsZF
46,Sophia,Eno,vwFLJRZzSLdziNav,PujXnnmIdszM
47,Lanae,Hylan,rAhjcVjhzd,BgylJDAQQVwgr
48,Ekaterina,Khorma,IZeJoUCaexHQ,UzBzdanQxc
49,Coral,Jarib,RhaGqWfLVkffDIt,DeyiVmRPzhoHCq
50,Kara-Lynn,Valerio,FcjtPVgcFPKgIA,ZDaebowdNZMY
51,Priscilla,Luhe,miFWEwLDdzY  KjI,AscdJrCrhdc
52,Rivalee,Whiffen,ioZEPnVecMe,SDdEOvqSIkXkKmDZ
53,Albertina,Guthrie,UQLMhywmGNaXZyK ,IRkFEQKSZZrX
54,Sheelagh,McCutcheon,PdXvGRENkYlMX,QyJhRANhUuR
55,Cordi,Norrie,rvwLyyBGdsdRE,oFIZlomDfCmCZD
56,Lynea,Berne,DKghCSnar q,giEekkhxhLqmM
57,Mahalia,Nikaniki,xRoAGxeePP,EVPTJOUfyqUv
58,Adriana,Vale,nxuJaIuoeClfuWh,cVDcWkhYTvkdk
59,Blinni,Poll,GfTSYaBPpyX,bEDQtiDkJAgmRheu
60,Mallory,Roumell,IYbLuYtcblHw,jadrTBsgUwopf
61,Magdalena,Martguerita,SKgVcjCjyLZBlU,DidtdkvxYhwYNg
62,Corly,Swigart,QkeiQFJukjFYXAu,IwiNBXNETLWwaED
63,Britte,Woodberry,odzavxCUjoHszAl,djWbicEywPQGx
64,Ekaterina,Cristi,BA zGfKQNvGgemL,AUAQbLljisxSO
65,Dorice,Therine,yYEqiYpgDkSDO,PJClfFKwKZlqXjkk
66,Florencia,Kare,cBQcGugRJcQ,JAAcnuWncDAjbSxW
67,Sindee,Germann,pFFRkLbiTe gbdHP,hbCqYfqzou
68,Ayn,Hertzfeld,SfgiilRtC znQVxG,bAiPagOBvalll
69,Sheree,Ashely,bvSZqVFINzXVjD,WBHmYWNEYAt
70,Gavrielle,Tayib,ZJDVh BZXYBwKx u,FZBhqCFYAZNO
71,Vere,Socha,sSbwoedYWHyXqPD,JlNGiStmviXLT
72,Ingrid,Wind,IfJKMolhaGt,YmAiWCLdjOUlYhBu
73,Britni,Stefa,jdgkPOzNoNw,yyPAtfVeZR
74,Wynne,Dalli,tteRLDyQDsfmvL,DDNHZBithjIVWMx
75,Renie,Gaal,rWAuIHOhEjxe,KQhrxDLaTvdDuOfU
76,Leona,Ajay,TGsCDVqLHcaDMlvR,ymNlxrfZSPhRwGm
77,Desirae,Narton,tHTfZqtgWWloXne,yNYwRhfDEhvwO
78,Winifred,Wilkinson,jMczwHKjGvWH,qLzdcgEATDSb
79,Loree,Rese,ClFemgdUTM a,GbYvKVoCmMFV
80,Kathy,Rosette,OcJoJafcHOPSsJ,pyqBeRBNMoUo
81,Michaelina,Fairweather,hzEOLIjvGOU,DbPSCvRambUmy
82,Winny,Levey,oWAyVxOUkRdCQP,JcdlQtYQTzOemIOW
83,Sidoney,Evangelia,l JYUHvLtYP,tZPxtHpwGWlezbCY
84,Gilda,Buckler,VuBztflXRF,aeyRWxkFMNEpfuW
85,Asia,Merriott,gJfbrryAeVLtodo,ZmHLHxbvLYuW
86,Concettina,Stuart,XwhepeKXptgn,hKwWbwAUxh
87,Starla,Wittie,DGzfZpVRgo HQilL,uTOjXkJrojp
88,Antonietta,Carvey,MQNUKecmKscB,WmYClalHxrX
89,Linet,Shama,DQfCDX xRJIgQe,bvJjOaBVtHfJCJH
90,Paola,Japeth,wFFBoQQiHGK,wRwToHYbjuB
91,Allis,Mullane,mNPCndoGdxKtqjB,NauQqLzGteVZttH
92,Lila,Malina,NteIqjLJBQSJdp,TRChnNEdynGuT
93,Nadine,Bennie,bFMIHgCLjxn FFV,WFjdsMSwJORCO
94,Jany,Karylin,PzbdzKUe PqtDHMD,cSkFeEXhpeW
95,Vere,Desai,cNqBgohvhft,MROTPLkYzUBbwW
96,Nita,Stav,BWcYCQyCcsQ,lNuJWByexoOFWhfS
97,Kenna,Koziara,DGKVRNHORh,SjRjPRBThYQjMeGm
98,Collen,Lymann,IzTNdvBqWumQ,lbaNWPOWRlkis
99,Phylis,Knowling,vFdXzPapqBxVhMmu,kWJNtIBRTpzbJcD
100,Jaclyn,Si,tnibFKoqvtojBvSH,NoerzdkkjNxmXIT
101,Tatiania,Garrison,zuRGeuiqtn,XpqgUdVaRzl
102,Therine,Azeria,ZcXPWlGXRYLv,zWMHtMRJjNyMbu
103,Alameda,Jaylene,cpiGemfxossvd,xHXjLAcfFAOf
104,Jillayne,Tannie,fHfjUpSL qoozy,NEUafefjcekB
105,Dania,Rona,UNctNLxGKflbNC,fIEOabjSmGJs
106,Lindie,Burch,DRAReAWhGnVKwiR,uFuNekmSRLRgm
107,Aubrie,Fabiola,TBbXCReHxAvRvmq,hpRRJuqnLiFIk
108,Georgetta,Morgun,kvGzZPyShFxpcJ,UHMQhadjpPKOKRd
109,Sibella,Thar," JNSAaBMaeDq Eur",giTRClGfeXlda
110,Hayley,Tamar,AwsvmiIkCqasVxh,DonYcGJAPAr
111,Leona,Jeanne,PwgzKDmwEWLMIfy,hMXCQYQmcjn
112,Rhea,Atcliffe,WgPVdbUjRP,qqauFCzzWSZiBOZE
113,Correy,Ambrosia,WvJsrhDecBi,LrGndvyEzEYaRC
114,Minne,Sikorski,EZsbiJqX LvnmkB,mFqcVrKQIkTAYQe
115,Maye,Miru,zqMVtkptZuulK,HKpIAyIcOGFVc
116,Inga,Aaberg,RNOlzqoXYrKSi,grdYmHBdGOURHFjv
117,Carlie,Yate,rJAqMamwgJ,FeoaLcMBNxs
118,Minne,Terrence,wdGiKTalquFJ,DxSWkmBoMvpeMMH
119,Layla,Bivins,HnAHOObQdIVKc,hCSCADziyzc
120,Jaclyn,Norvol,ECXLdwxElKv,lUexVfeHRqM
121,Rosabelle,Brandice,eCQzkxUpsdLgqza,KnEUclAogCAVFUM
122,Charlena,Cloris,ycSmqJxljGlspu,GSyOaCOJEHU
123,Cherrita,Dunkin,ZUiopJpwXOySR,fzBWGuzwrsZ
124,Amii,Alejoa,YgslTRnBom Pk,MLhsyWBvrfzr
125,Gabriellia,Aurelio,mfmZzuhLptVIcv,emOfLdZTCzmcGCNd
126,Olwen,Ferino,IyRQuvLzdCFe,CemFRvuaJS
127,Benita,Hachmin,WSCcjgxEJXROQVi,QpzplNHmRX
128,Dennie,Callista,SYxTLmauvGjJmj,RctVSkvadauOIdL
129,Mahalia,Atonsah,QtDqhCnJJFfhWM,PIIHWlPkUp
130,Kore,Fabiola,KmFcLNCFGfv,HnuvTaZemLgeHzF
131,Oona,Cleo,Srudz tWPWER,ZqsWIMjbWFyShFF
132,Tierney,Aaberg,wBOjGLJEYyuH,ESNdwCivHZrm
133,Philis,Evvie,koUQNkxAjLgb,FnbOTgOADkrXmXQ
134,Amara,Hilbert,FInJFjywMnw,SyTRhfVNZZGVx
135,Pamella,O'Rourke,KYZYtZWEArKQDbn,RgiQhfrSHYZyQVio
136,Bobbi,Henrie,GpbMVqiNYvYahbAb,leqOnuUrYpPauWE
137,Maud,Plato,NeNxBtBsnoa,PcCQiqWHbcmt
138,Dorothy,Old,OBrCaZTvKSRxmRk,aKkDPUdqLWOJkcJ
139,Jorry,Honoria,yQgvKPizPEfqQW x,rvecBsfAbkS
140,Rhea,Herrera,IryttXvRd m,bbvPqVFwbu
141,Fredericka,Dosia,BPmIIgKbFFujn,GlXZzntmcoSt
142,Carolina,Matthew,oWCmmVkEXaZ,vuknBqkSKhZrlz
143,Wanda,Rocray,QgGPwBUV KTi,NRWNnBfbjRpYYWbI
144,Carly,Phaidra,BBMoQhclYc,pfkyvJqNDLwzNzw
145,Daune,McClimans,pNTYLvbeTPVuGjgZ,biEnyhCecpJcfeu
146,Dari,Deegan,mTOvOfgNt uZNARV,CFqkIJEXOcvYs
147,Brandise,Mandler,zxjGPFjwMyhK,UnhzKfdIciqOxEo
148,Jennica,Hashim,wfGzEVXbEq,tJEBZKlfmXoMmXl
149,Minda,Atcliffe,FiqohtugOLYmxC,YEKCUlibnh
150,Rosene,Annabella,newxRmSqwcqSGWm,tZebxPbsRFKaFOjV
151,Bill,Naor,lBogkfeZPfP o,dYZfwacUpBLZgir
152,Gisela,Isacco,ZpOwiCZrrP,cAPIVoaCur
153,Tonia,Angelis,khpOdFbAIB,kvbZzPNhrWPA
154,Pollyanna,Mayeda,MZAcLTLiLr,AOKwJGzvMMMl
155,Wilma,Ochs,YCHbZajLJqolc,qJwiMhwdrTC
156,Gabriellia,Jagir,HrQbyGTLsc,JOSuysgPLCEj
157,Bernardine,O'Rourke,WaGEgaAMAiB,CavVozRyUDIKsmVI
158,Ernesta,Chobot,UWHKGsBrEJpxbE,nSbfPocftl
159,Sue,Allare,TcDfJRBp I,KXWCXnUdUlwduIiF
160,Malina,Arley,JVPJupLLoy,sxWFLeEMQOmaA
161,Desirae,Tound,mgNERAdvyXoQwr,enatndxNiPXY
162,Rosanne,Zola,vlFsBNzewrgHmiHd,FVtegYDVFZdj
163,Henriette,Kalinda,HFKFZUWMSDv,yGaINoSXiRhLGxC
164,Farrah,Hutchison,blJHar QbFemBtM,fmSiNuqeZqwob
165,Atlanta,Dielu,nhStnIaFVX qBIJp,JpwssLqvNsdWwE
166,Nessie,Woodberry,ZpAhAuBulMj,rYCAdlOWScqj
167,Kellen,Laverne,UfacFqJGEK,JPtLCuecPW
168,Deloria,Drus,ApKbnjnrWcyKkKg,lHySePPtdfaHJfrz
169,Dode,Parette,tfdbzqxXEBNWjM,QEIuxftykPadWze
170,Blondelle,Caitlin,TJwiNPQe uWn,CiSLsNibOAeukEi
171,Cristine,Ingra,HiMtsEOZ VDPc,bRJGFljcvgjsN
172,Ellette,Thilda,HBBYqYhxMhTihBp,CotRHMBsPKW
173,Elise,Hurley,MPRoZnO zWQipLZ,vAEryVGVmz
174,Harmonia,Diann,dVR QTkgody,JdDLqXYueLM
175,Anallese,Japeth,GwzMUNVYBuR,ikoPndxtKh
176,Ericka,Rozanna,WLXGpcZzhAesl,CCqPdmnvOGxJFKDi
177,Claresta,Sprage,Kj VLMxcSkfv,nQpXMzwrhwFKrdLH
178,Kamilah,Maxi,EZvJeSItXgnd,tYbqOCGLzg
179,Verla,Shaddock,ELNSBEUDiXCoF,rafPddEUrleIjeJj
180,Sarette,LaRue,FlVhYCtPCPJMxv,KqyEYZdmLxu
181,Wileen,Silvan,mSgYtgHhTktakQ,JWLLQstlyHKFYyJ
182,Roberta,Niccolo,NXIOkQheGGmNmI,FMtJtIjCPZ
183,Joelly,Mike,tFiYOPYRbzJj,rHCYWEunQu
184,Wendi,Ledah,ofvblySI whJ,ftFNDnjfvMFAJ
185,Verla,Eben,ggHTsNmWUXTShL,luoDlgETZKXJO
186,Flory,Iphlgenia,ntQyrKvKgEIBgiF,WdzRVLkOWBJ
187,Kary,Vary,VTeBftBhMww,agwbbJpNKQFb
188,Sindee,Abram,dVqsGt DNc,wOxlfodOrHWhKqxj
189,Luci,Stacy,hQEsSGH Qd,DZrPQqCKxdkxvP
190,Asia,Romelda,rmfawShzHJeF,umoJwPTOet
191,Yetty,Wind,BkIuAoOCVtrOuz,NzUrSvrForjjTeT
192,Linzy,Chaing,jLJofgLbjkoxzK,AyYtuwJrqn
193,Steffane,Ball,lHAAnJuYpQClfTO,YybrFxbmre
194,Angelique,Cullin,mcYzoHICqSL,aQURGlqtWtD
195,Violet,Margret,SJgFCenSO Mdg,tjHnzhIhJyJQ
196,Gui,Mayeda,YhEtaJuXRMLD,dbUdWQwooReLM
197,Wynne,Valoniah,yLAyXWwxqDTGA,kEIqqEOParjura
198,Celisse,Esmaria,OcgYBPEsUHI,axTOFgCTtvHelUHK
199,Ana,Ilka,QCtqdadnnQvF,xhfhnUmWiopUkUB
200,Nickie,Clarissa,qhPaxluB tjxuG,FBiowLHpjdd
201,Ginnie,Salvidor,kaiCVUOxBK,wsUsCfycChofASG
202,Dulce,Phyllis,xqyfcOKQJuEQvIzV,euryVGeacplc
203,Riannon,Letsou,npAtr TZvXh,XZobKoNXWS
204,Johna,Japeth,sXCOKEOCYZ hZPXO,qFRTorYuRNV
205,Genevra,Nahum,RjFuakzGyvpxTWl,eIvmWgEBUG
206,Beverley,Turne,xGvJutserwKhyhqy,zVKGlILRfYzR
207,Juliane,Konyn,kkGba bqwlmo,LYRTCEaoOxGz
208,Michaelina,Moina,tAViJeNWubqBf,JhZhtPovDD
209,Laure,Nadia,oxuLrjaWjcx,PigLkRQsFn
210,Ericka,Fink,cphqXPRUKVTrSCQm,yZgKmcSlhqpNffG
211,Carmencita,Gamaliel,wzdLAOYOsIXhZV,vraZnkjXgnPntyb
212,Valeda,Stelle,gQdtGVWk XFxw,yDpfAagfgsnUFswt
213,Gloria,Lauraine,otiwNsUiylRzG,yjxaINQXjQy
214,Melisent,Evangelia,fWXVIsWHKJcm,ZGmyFJDscAXDXZ
215,Cindelyn,Atonsah,HbZwLrLSXHbOQHSL,TZqIkEYOkD
216,Leontine,Selway,QsGqDnyCSS,GzTmYrDXQpkT
217,Eadie,Uund,QuImupZuUdRn ,HCxciVNohz
218,Merrie,Katrine,xKJGXIbtZgaZlU,ptXKjiLfdN
219,Paule,Teddman,KcrVMvpcZnxyKJx,dpapfrelVjEl
220,Karlee,Federica,BZHESSpuIroCm,bvALNoXfdJnCSJlX
221,Vanessa,Norrie,wsTulrPcNOX,lxgOCsoPblNUIbh
222,Florencia,Hurley,Xeo jRvVeBoEid,idubFJPgQn
223,Loree,Kravits,qgcjeGlXLbyU,kPUopbmdzTlZo
224,Ashlee,Skell,aLqSQDC Rgb,FFPsJBhzFYbxsOuL
225,Caritta,Cherianne,PPTtodrOwUm Ob,unNXHmxbWZTWI
226,Meg,Dom,ojBpaVvcSbxGsP,xrynFiLxKElNM
227,Glenda,Florina,kRWVZjRp QsSeCM,ACwnKDOTCwb
228,Bibby,Carleen,TvzYSKmKxgivgd,WyLNygsrfUHATS
229,Ida,Brian,VVkmYeTSYacm ,tVsSwXvrhUs
230,Gerrie,Adalbert,lReNzHJcQWJt,otExkJuzJQlH
231,Adore,Morrill,gmvYpGMBikbPF ,FvEPxHVhJJ
232,Kellen,Saree,scxxydbtKz,hjOAEarNhEQ
233,Willetta,Denis,mmXZPvnKnuq,USJbsJcaKTJSXptV
234,Melina,Regan,YNQYQwbFAFnWFiC,xmdiLdRZrNlLgTO
235,Brandise,Dalli,xviECdEIcyPko,QaFHrTQmuI
236,Bettine,Kylander,izLgyCcG avKq,eCIxJOEZDZnmkUaT
237,Joceline,Cullin," oVvafaUJXm",DDxeMYFWbWvVV
238,Odessa,Robertson,O zDlAQ PkxZ,aBWySKjvFoA
239,Adele,Dawkins,qElUxTgQsEHkcLTM,JbNwrwDYMBITwD
240,Anestassia,Amasa,BsgtKrl ADrTc,LZKGXyuFgaCn
241,Adelle,Malina,FXOMzqmMYrqyRxij,aWVxxBKaBOuM
242,Merci,Lytton,zUVKpQANpGCTH,FUbjFdKGKDc
243,Darci,Thornburg,hGMohOPrQbFlejP,VGRreDYKQVdQV
244,Melina,Zuzana,VVLpznyQzPFbPZK,EyIGTfSIgj
245,Tersina,Carleen,RoYRMLV qtn,DFyHRRHJiVIQ
246,Pamella,Eckblad,CYVdHMSAKEqT,ZfVkMZfisFD
247,Ariela,Pond,rq JMBxzHk,iNxwNYPkhMYUgsll
248,Belinda,Kelula,eAwaiEaHnXiu,NyVuNqTwmDCQUQet
249,Sophia,Horan,iWzzHfqIqD,TYBfuiTnOD
250,Elsie,Rheingold,iuNbYRLTSkL,CrzDUJibRs
251,Benita,Mata,SSCrNA fflmka,eEUbpyFiUIoHARy
252,Ginnie,McNully,bYMSQBqOOTFKN,EvlRhkZpzgJu
253,Consuela,Sekofski,fAjhztYPtuQQ,NRQrHbEddVo
254,Dagmar,Wenoa,uRDzDOePcGX,XITYOmdFOFYtTBO
255,Bernardine,Buffum,NAErLyGm lxCJwtd,dKjGAVzkUFq
256,Rivalee,McAdams,iEPodUQko OJ,tRAWkoWsFFGW
257,Orsola,Cressida,PqKUabm A gCIun,QadhZqPMNth
258,Emilia,Bashemeth,hqlXXxSDvSRpLO,ZaRwrfCKZylgPS
259,Dulce,Hedve,pjcHtkZHBBsvxHLz,vhcwIyQuLro
260,Dorothy,Plato,plmqNGUG zx,nThSVYJtziIppzpY
261,Tani,Bach,huNti WoxiHCFjUn,sVZXwITZNvtDLl
262,Joleen,Linehan,kWLyfpelRMb,pzocvCijIAxEzscn
263,Genevra,Ricki,ISFXenAbahtQwGRT,kpkUErTkBMoUwMU
264,Isa,Koehler,XwnzbVucYB,ZypMDckQIdomjT
265,Cristine,Fabiola,YMcbvnO RRCVrFqg,GPLZFXjvSRHJ
266,Ethel,Ax,oBGtCcyMKV,mwTIbWBQHixR
267,Steffane,Dash,kNTzvFlFEA dZeV ,RGMYvtWoVpnjpjF
268,Jan,Leary,PsGlH rYysubBIj,ysOngkiVFgAUoaE
269,Susan,Arne,nebRAofjLsYCQ,yFEqvcXbjrMnLS
270,Sadie,Gabrielli,CzgrQfbnciFilfw,bMReseHWvjiQGpVN
271,Arlena,Buckler,qvDnJQjMJAGgI,hnXZazXcjcAgWixF
272,Vere,Corilla,wkfoLYyG gp,DBXfBUPhvk
273,Atlanta,Ashok,EZoLvUUGnmGikIf,TZnSjtedwOqNI
274,Mariann,Crudden,pzQvnEWNSSdxI,PKcWarZNRqVLzoIk
275,Oona,Sawtelle,CYVLGtbLsHg,aQgxOgsbXCWvy
276,Frieda,Saree,ykluSbdWvgOCxwS,JmSWHyViwOZmZu
277,Maisey,Johnsson,wjLbcdzNhAbnUb,xfhaebCyisfOuOIH
278,Micheline,Smitt,ZovEWHaaDRHGRtOR,wnhyqUwINzsaR
279,Bernardine,Glenden,qOzKOiRzZoHqYhFO,BiHbJulWPSauwQZg
280,Mariele,Engdahl,yBkUeaHLlAFf,dAmppIBezLhDvUqR
281,Doralynne,Blake,DcmVDVzKaQF tp,gDTsdnlCRVFf
282,Ottilie,Anderea," ZzrooOvYmJevNO",uesOCsDioRYXZ
283,Hallie,Waldron,mMrKAGwNUEFhWXt,sjqnZIQQMOXQi
284,Chandra,Aldric,QZxIpyQmUsCnMK,bXQfyYaEjPKBGOfv
285,Sue,Amadas,rgJ kzwEhtL,wVWPfBSMLopv
286,Evaleen,Jammal,uXxZTsohIwCTglW,tdyDuFUowXCfRP
287,Neila,Keelia,MtYIwDrtsWHndS,rqnPveAXJUl
288,Minda,Nickola,GcdUyBFMmcYLtk,TgKrXDkNBd
289,Allis,Hieronymus,dnLFzqQtiT,dSGipPBEuNpntxr
290,Annecorinne,Peti,FxdhjEYNBIrEoJ,ZvPKMsKSMlqEN
291,Jaclyn,Chinua,xDWvUCRykOdaMiZ,VDFMpyHnpjN
292,Chrystel,Edmund,WOvMSLzqByUcifHm,YlYNOcoMLaXtCTrh
293,Shandie,Olin,Hz zUJYdvhx,hGWHAkWLjJfcc
294,Kirstin,Toor,GtjeatH iD,fHawdvEZPdXCy
295,Flo,Nea,ldvKYBUUFndl,tmwdIKGcTY
296,Ekaterina,Lucienne,fsptTlVyIBJVj,dESwxGciAysAwsLk
297,Antonietta,Swigart,DDRfxbgFuLdYsZ,hPKDHmkOMlLxH
298,Hayley,Schalles,gBnflEtLxsmGSO,UiadXhtbccWNCs
299,Thalia,Flita,SPJqwLydSVPG,tJhCdZKEqCcckXD
300,Dorothy,Ephrem,EwWoeyDXxw,QtgCizSVcRuY
301,Layla,Guildroy,xy jyBmqhKd,ZWMvlueLMNX
302,Kalina,Orelee,pNEnrFqkdJDFpkmp,VfzFiehDkO
303,Penelopa,Ade,tLgrQmMqenEIvYNl,rPIxOqwEwgVdCqX
304,Georgina,Goth,nubNWOEOhLlxl,GfFFrrUztfYtFE
305,Annora,Ranjiv,KZzsl jt D,WdXFPlFiSVSj
306,Cathie,Auberbach,pdAMEfFswtS,LTpHrDqTVVtb
307,Kylynn,Thomasina,raIjnUtYtqtjq,IvqgjssAIpfEMZ
308,Clementine,Zamora,DEsydLzIGRdGzl,ONOTUchvrp
309,Agnese,Jerold,TAEbxgpssencW,RbszMvrkzOBznHeI
310,Pollyanna,Garbe,beaPhAvKcCqlrIAE,FAyOefKAfsuMoFPV
311,Roseline,Cherianne,uvLIXAtGOhcC,IOFAwAdsCEvNZUmi
312,Donnie,Orlene,LSanVvjLUqRwPT,LfsDzcbiiXYll
313,Florencia,Ilka,eOpNelOXUUUO,CMnDcXmeeDFFc
314,Viki,Anestassia,mzSHUSXKZHxaVuS,cIMxxVqWstLAI
315,Tobe,Docilla,yuhiSAeDDsEzfc,iLkTgEwIggGGxtnI
316,Viki,Guildroy,VtRExQhcAiEnUC,aVvvXGZFpwopM
317,Jessy,Dannye,NDQJdapjZvaNuB,HNNbniOXWRL
318,Sharai,Constancy,qMqavZLhtOLL,JTXEShATGzOxWpg
319,Cissiee,Nisbet,O NZZFwgsVQz,rkheUSwweHKliJ
320,Nickie,Geffner,a xzuwfrbobOINWc,hlprULxILPJjeqk
321,Raina,Buttaro,rClBwK RLop,kvOQRTsHkXvdIzl
322,Rebeca,Fry,kJPXEnLAPPNEqdLF,XdIbnojOCB
323,Candy,Demitria,wazSSdjOIoVwkf,QFxwjtkDIlrqdI
324,Binny,Sabella,d VRznIZuWKXkHu,lxvxvPiQwfAAhq
325,Dorice,Melleta,zgSaxDbBAx,WtBspysnLFgtZg
326,Lusa,Cottle,GojLexfXMTodBwlK,LbzeqAtHTOU
327,Stephanie,Bach,nbWBjZsYSjGkx y,fwXhMQLQdnYIfz
328,Aurore,Peti,WGoyzcqQIV,tOiNKJVZwnxE
329,Ketti,Thornburg,YYVvlPprGqji,CHsQYtxFkYt
330,Chere,Jethro,gwuIosLAruYe,JwwAEmwxRfYCWES
331,Marcelline,Merat,uYrIHDxNwsrt,NAahNYXVdqfjGU
332,Nananne,Regan,MvRkLwDvcUvIIZi,nlKKjPggEJjtVjmm
333,Allyce,Shama,FiWWYzdJndMfbEz,iJqeUtffvIKhondV
334,Fayre,Bryna,PelrWoIBFkywE,IpfljMuPFHqzh
335,Calla,Iiette,YphhufwnxWPLJ,GxVaURAOeHdyfIXw
336,Elbertina,Rebecka,F wVIPwkpzjZpyWG,TtBXoRjsyhE
337,Helsa,Earlie,IdTWuwwxnf,sqRwGCUzCBlM
338,Siana,Grayce,hanBmIDMav ,GLTSnVfoxeTiMuUe
339,Melanie,Rhu," XfpKkweUJpZQ P",gBlcYcggXpQA
340,Alisha,Roscoe,QRfK XcfMZwX,hLwxtdQRjwxHSZEE
341,Marguerite,Brittani,WNtkKvdOByqt,RsPwpDCHai
342,Yetty,Vacuva,mNkKPsunMLcO,iCBAcCOmLqFJwJ
343,Madalyn,Stoller,oHrvIjivkxXJu,QPqkOmYQBTMuTm
344,Ericka,Gibbeon,vUrAxPWjTbkwuqP,tPGnbwdxsXvDsVxi
345,Ida,Stanwood,UKrWlNROnhLr,rjFGoNHgsN
346,Deane,Gaal,rQDMhRpHYmCVjpms,TnnGIbRxep
347,Peri,Lymann,aFLMAtnGKH,uBoxZIBmPzMKrRHY
348,Carilyn,Cressida,QfNGSygeLq,CfstlLvjicpRZy
349,Jinny,Francene,gQZcmDxjVFHi,RMDTXGVopNFS
350,Doro,Rugen,FazSmxEUdjoOXdpB,DsgUiArjlRRTxWo
351,Mamie,Jary,YAaOBkhgZFJ,XFvUtOwQzYya
352,Trudie,Dowski,gLkYjNkuhwsfr,hvyeAuHljz
353,Vevay,Darrell,BMwSRMzKxl,RvBnoarbGOpEhqO
354,Correy,Darbie,RZIXCoRbrqbaGZ,SdaFfjhRZGMyRN
355,Gratia,Desai,RlieGaXaOHhUMSno,CoSXgMOdSmF
356,Linet,Boycey,TorUwcbLzf,aAMcKycRBQ
357,Latisha,Myrilla,KMXvJUrcafrSOwI,lsDGjBQyueACHcR
358,Lusa,Ariella,GpJER aqCA,IFofsYSfHuAOFGuC
359,Meriel,Santoro,KApaZx mYzheb,dspaLjZQkXpbh
360,Doralynne,Andrel,yJYAtgbnkk,HjwFFtIdEWVkO
361,Basia,Mintz,QY UxHhaPwBxk,diTcRwhGYxNA
362,Lisette,Leary,gVyqtKUoWJYqswBt,ejzjaoRSTwrnN
363,Mady,Swanhildas,sNHDerYCdt,uAobiZIzLbwnTRu
364,Merrie,Atcliffe,XhBsqBeNsYOaum,akGzmNUJOMOZyPr
365,Rori,Zina,ePkvWoCpNFAlq,lMUwuKWtnwd
366,Madelle,Doig,RIGkbZh ZT,rfiMkVLFsE
367,Lizzie,Dichy,jEOIKTLcKScPNTu,AVJEAAkwBHMjBC
368,Deirdre,Fancie,PJQgkGrTkSA,hmWaqfgVtTSbEN
369,Paule,Alejoa,yECSeQsgJjUrK,NRbAKboZxjjZVTCU
370,Brynna,Michella,ceYzoYTmbSA,vSJKefxAcDJsS
371,Estell,Meter,zsDehGDhmwt,kvdPUWbeuCLrp
372,Nita,Concha,vrlPzdvQnkhPoa,wGfprZWRwwJBGwt
373,Belva,Fleeta,xkOZDQfiBhhxmadQ,EfEHIhMTvcj
374,Wynne,Goddard,W uERnaARadRKlWu,tutwSHONDOel
375,Brooks,Cristi,DqGYUwsnAflQGoud,nCYqxfxbRUZMsb
376,Elka,Hourigan,oYEoKUaMDStofS,TypGpiRmFoRjY
377,Donetta,Hashim," YLSNZjaKT",VXQEFrwMlpSrED
378,Melisent,Bendick,mCckAjjSDNAX,YZUtkZDkll
379,Letizia,Alcott,jb tMbzsapt,yegnfxXQNavWJ
380,Myriam,Miru,EjfNZ XgZG,IVyIZRjUeycTHj
381,Clementine,Dom,IvcMTmrnBBQ,QFhkCRGEeheWS
382,Daphne,Ogren,ZYtYVgKoEY,cKlmYqsRPOfaJZKS
383,Darci,Aurelio,gWkDozzvRCneL,qekUOBTmgg
384,Sue,Swanhildas,OTvgSnCIvXKuj,xvftWfcLBfNADaSr
385,Corene,Virgin,v  SFeenrypipRN,AfwCLJSurnMOD
386,Mamie,Callista,LuRFelqvjrhGmI,jjicaNBtwlFcd
387,Kristina,Zeeba,JbPsSpZCFT,ZkgTmPBGRGhi
388,Lynde,Felizio,jryQktPsuCAH,EJUaoMUXyrEFSy
389,Nickie,Vanni,JnGj RhsmSOnfa,uJkEWRoXYZAA
390,Ileana,Astra,qzvKoxDVaZX,cCueVHdSTxOWuyLo
391,Robinia,Raffo,aEaSTbxpUNXIVyo,wqIyAhKVWmVEbBh
392,Belinda,Edvard,KPxUyjNvByIWh,yNWFJwrZRKRaoe
393,Brana,Elisha,crmQAKfkeNJ,tHbSUdEZLYpxCBwB
394,Jean,Shirberg,GseLMSWgQbzDnbB,rjttPeGhYdmFdwwp
395,Leontine,Fax,rYcAsZZZoH Pv,RNZKavwmXXwWQ
396,Belva,Baudin,wzmMHRHiuDV,vJZgbQXrAtAgfLt
397,Selma,Xerxes,tMRbVKHvTXHHKuF,nEevvBDzNA
398,Adriana,Quinn," TMavEhl dSl",VTtFFnWGijT
399,Sheelagh,Redmond,YeqhoOpZvByd,hbDKgkYZlGJwbx
400,Pamella,Fabiola,PmPntFqipwFNip,ZLTZLnQrJezB
401,Jsandye,Tjon,VzYzEbm ZD,EMyyvxLKLBkeo
402,Aaren,Milde,GhBsWFQeKkw,rGxanRUqnONzj
403,Eugine,Emerson,lHmjfpZlCAocSrzY,WEcYerZExO
404,Jessamyn,Ailyn,JJIMwNtShuN,QyEdQacbJLWHYhp
405,Goldie,Lynn,KWGTwlqBuP,GTqMvNINSF
406,Harmonia,Myrilla,AHofSeamfJYti,dOFGOTdOQl
407,Lizzie,Modie,EeozkEixvzjvZRyU,WuSQhajbNLwoK
408,Ira,Goddard,YajcTY aduBqN,tldrSoaiRsb
409,Beverley,Ramona,MxDhlIIRDUobFMy,LdMeCdpFsNXbuXKX
410,Fawne,Kermit,doYUIqJUuYPOiQT,oYmFKtkaFOWmvRU
411,Rivalee,Sigfrid,eSAaAalHFTNay,LEqnxwrxAFvvgP
412,Claudina,Joeann,EQyQVvSTxbTTNV,wRkfHXQSEjBRZs
413,Edith,Genna,VNqEZlMSkcf oZxk,vnqccuUHWDb
414,Farrah,Alabaster,xb vexSUVX,IbPSmbuNhFaJGt
415,Lesly,Fredi,janiRpGOOtQXdE,dzdjMAcbtw
416,Kial,Campball,FpPhZQiUFVrwLUKR,rycatFHDLn
417,Philis,Agle,VTeXOzRkiytv,SsbTZLfCwmpwvRck
418,Jacquetta,Poll,EePCIHAfOKWXprsh,DgTPnDTpyhzncnAt
419,Eolanda,Ranjiv,LbvHHhRfIbci ,uALeItpkmvGK
420,Kathy,Amadas,JwjZHMPQmgtMUmG,zYhxRqKPwBE
421,Alyda,Standing,cAXTcsbYaZ,dCJbmQxNnYGT
422,Lexine,Madaih,TXfBeULDTu,FiBAEoeunZ
423,Tressa,Merriott," WaZAggXpLLQMs",IhdMaEKcQCqPSgKZ
424,Danny,Delacourt,mQvYSTmiBG,sAAvdhDbhstORV
425,Verla,Isidore,XcMVYsLypMZ,AlKIcVswMXrEN
426,Mureil,Eckblad,luOQEIIfOLrx,eSUWUTQjEDaPxhPA
427,Amara,Joseph,aExP uLzrUneL,OzOGkiLyyWQ
428,Caryl,Hashim,klMCstBsMjzDd,JirLkGqUHoucPG
429,Korrie,Euridice,ozIUvtsZwT,ynkfRmwvcywYB
430,Jsandye,Parsaye,kSvtuXXCgKvmay,JborLBSZlrRTQ
431,Gilligan,Shaddock,zhkTVbQXgfHspswh,wyraOATKEN
432,Jordan,Mandler,eKpccTiDPZpjCuP,FVBmkYpVvmSAVFMD
433,Kittie,Persse,uuKgzUZAxRSrdXa,TXYwjlBAXrtP
434,Kial,Colbert,KWBcIvehpI,HORiiZcYZUVK
435,Deane,Juan,OTHgaXFncb,qLcQYwkuVum
436,Sherrie,Lucienne,iKivraVsHD,QPErysWhGtwL
437,Karolina,Lubin,TDTOhsuHhtdnDh,HbZPIAhCkJyK
438,Letizia,LaRue,tDUlhJrxljPvvtBH,uPXuwQdrzpOKlA
439,Ayn,Anton,PTwYSFBQreP,ldeHCbpAljIJB
440,Grier,Malvino,ujMihuInvZ,aaZtdcQkTWCu
441,Luci,Ilka,iLRxPoEBgx,izpDViqMrLnnM
442,Therine,Nester,oROtaUoqZTalnUT,eVvIohteqrAil
443,Drucie,Fax,UpDEbwPuSXBW,kAsENxRaaTGhWjq
444,Libbie,Valerio,zdspNZqxLCfehhk,BnclWIrSCugxt
445,Nerta,Stilwell,LXbmfvZdFdfY,JEuqCnhMda
446,Morganica,Roxanna,wimNFTpsNmQ,IaYxYmfbgST
447,Elka,Wu,tQHI BmZAEQDhDd,NEEcHaSaOsLGC
448,Edyth,Autrey,oBiDYBBgOYiTwq,eAbwwlugEuBSD
449,Modestia,Ambrosia,lcAnQlvUJY,oZOXCGxnBfkR
450,Keelia,Rozanna,BaUzLmQSjb,ImunNQgKncQafzO
451,Peri,Manolo,IZUdqSLYEFepy,kEVijjSKLJnt
452,Vivia,Voletta,YHcRz pzRYV,lCMjjuCfRfAoP
453,Wilma,Mintz,YzXqWulUEOZPvfV,EgTcQMnEkIaoL
454,Berget,Hashim,EV PgmsflPkRS,LnrfZYmcvcL
455,Cristabel,Berard,KsWWqnCtqF,MJFAwbZEcBXp
456,Roz,Audly,gFOUvmZLCqLPkQ,dkCGPIuzGdihXlF
457,Blake,Havens,jwDlXFsLgHgAynf,MepTUqUeqsic
458,Gilda,Azeria,aBZMaXmbIEhVPb,EqLCOfEIwYxzS
459,Aaren,Vacuva,TDxXPSJVVVA gDt,fBRiuQFRDAGJTFPL
460,Nessie,Stover,JEXFmQCPNbkHAw,xUOvtMWMsQvzEw
461,Queenie,Merat,XhWVQhLGGa,GyVtQCKmLZVU
462,Mahalia,Kress,eecysaufXSvgE,egivbusuUHHqO
463,Lelah,Riva,JUdDZzVkJEtIIw,cbxzLQWZTrUubS
464,Corry,Vale,sazDQUtQHmUAPEb,HQSMYLjAdyEz
465,Averyl,Randene,nXdpcqCkhjDPy,HQQciqQDGb
466,Paola,Ivens,VLvYrgVW gsj,LIfSpafhvlvbJc
467,Dione,Kress,qYQEHzStnqpFl,EHJyyyHkiBlQuWEW
468,Kayla,Bettine,BynQnRDqcnG,ccsThqiSlbxW
469,Bernie,Bronk,aPARVDlkCJAl,bWeVrTGrxuWkyECd
470,Bill,Linskey,sISlbpSblvXl,mPBEfEHdUIkELUSH
471,Kary,McGrody,FEHdHCqtHioUxIHx,sWBxxHfnKW
472,Dorothy,Libna,MbDWwDFyIajA DGd,YrdFjvqLaxqFLU
473,Christy,Minetta,OWGCWDgtqJHDKMd,QaVQCEkWyHPts
474,Neila,Jobi,LSPDYrTmHTTb,bOWXcpdjQAmRv
475,Philis,Hunfredo,yIVLmayhcEmA,DazlWMFyIfcuCIpX
476,Molli,Avi,IGKQOepmAtfJ,rIQOMkMNTWTqDw
477,Jeanna,Zuzana,gaucSElpjep,ekCaZURMOys
478,Dorothy,My," ypaqDLdAdjLLHfs",TlASfvjEDuiyc
479,Rori,Oneida,QITDj XvAnRnNLdT,hKXUANInbUQQYTzO
480,Althea,Frodi,FhocNKVaeuhHg,rDqLImXEqWIk
481,Celene,Ortrude,jPyRer qycqf ONq,MJHJqNPboI
482,Amelia,Hollingsworth,YqqFpQYlkD,NLpIxWGxyxy
483,Renae,Dosia,JMJGpxWtiVBTBg ,mpuzQJLngNYA
484,Consuela,Dannye,iOSCEQtsKeLQILFq,uEJAUvSmtwB
485,Norine,Evangelia,kyEUDsWbnEej,FcoMunKJsjD
486,Jennica,Pernick,jyZQKzEXgO,tyLoRTELypqYrP
487,Morganica,Blase,KAHG uaNBmno,TnTUqREZfZdqkIj
488,Raf,Justinn,fobfiXpiGhKwjfp,DWMhaYOqMoEVlANR
489,Rani,Hartnett,SutwpKmOYltzGfba,gJPllaQdOOLd
490,Angelique,Giff,nXjGwKXgUp,AvMDtUieJzYqZSXy
491,Reeba,Joachim,UqFLxnwdsyFe,fYkMnaVjTaFPonz
492,Adele,Krystle,ZFqBGiHhyGW,rtEuIBiKDYWcD
493,Vivia,Rogerio,dlFEJRroxXxhowQ,bnyvMpeeKy
494,Minne,Blake,KXgUpwVAnXCFvrJz,ldBBIYxxFpchB
495,Fanchon,Ochs,pMGAVcaHozAx,dJaOFumYxW
496,Yetty,Howlyn,XvVDgBVKxPQeQ,TtWufFamYpNYKBR
497,Concettina,Belldas,oe CLjviHyqgQR,GNsYbAyXtw
498,Susan,Heidt,lSTaTihpCI,MobhySYaUMHdo
499,Lulita,Ophelia,viFPvrkouFDZsEmP,tnoFnBvKMLKUzqC
500,Talya,Justinn,vOrCGlJfPHTw,nbEbqinZBvz
501,Beth,Monaco,JwxLctrBHyYXBC,NHyFzJBOHqu
502,Jenilee,Dorothy,qksdsFclORgl,zlXbgRnaRfpsm
503,Antonietta,Ietta,PwJFmJGOGXPV,FuMhIpMqhBbid
504,Maurene,Tacye,zXbESDZoTk,wsreLeKPhfimGsd
505,Kayla,McAdams,oFxDoDfxnVdqBtLN,yxPScrTVcE
506,Mildrid,Roxanna,GznIQvvIcu,gBClLgRTBvnNSDY
507,Annice,Frendel,qogqKNvsCYraHT,BxzMIqlgxjx
508,Selia,Dowski,XYJyGJHPHlmHFnQg,BSHgTuqgubN
509,Aigneis,Faro,fgOAkqWXXGKC,NRFBoJcYWpgGSFPB
510,Lanna,Arley,nHKTzBpsANp,QfrUzQkFFH
511,Sara-Ann,Tengdin,jFELKBtcwxz,YpEQcaxveln
512,Nollie,Dudley,fmMEvaikRPYc,ZVzgvYVlWMhj
513,Estell,Aaberg,AkWAsctTraQKi,MjmzdSsNxwgDZpzY
514,Kittie,Dawkins,ZVbEiPHqDYPgOz,lNmhweIsKrO
515,Lorie,Zola,GznHylRnyelrGs,soJxzUPEPSbjfac
516,Glenda,Maples,FrYGySzMtYipr,stRJXtSfOTJhptXn
517,Lyssa,Kosey,jtlBMYTVkOOgY,wAenjxXajW
518,Demetris,Velick,VbrpEw bmvdc ,EjnQtnwedFYo
519,Arlina,Brodench,ovOOKRwiWa,fokVTaHMfXzTkP
520,Taffy,Aprile,fg OUJKAPCZxLGlT,uoGmlZbDmWCSL
521,Dawn,Parette,vDfKEUrUUHOWX,bnGHEroGTRnVX
522,Kimberley,Margret,lAoxODUTlMXerVes,BGuFMlGifhn
523,Di,Weaks,SGZxQJUIbeBKE,mpltCzkXPdBj
524,Belinda,Bonucci,QkadbqmWsjlWT,ARUJxCinfYsNmhd
525,Bertine,Delila,BecetrncNFuVN,FNQVZFvVxCE
526,Modestia,Tannie,hsfLNukzsLFGzW,itchHbTBBAjolQ
527,Ana,Dearborn,flczwWECVwrQWSmB,HnupTBkkqcJNdZ
528,Lindie,Raul,NKWwPRCPQU,BRfpJMtxVczYvZ
529,Mara,Lewes,MsSrCiEPiyLEuGK,wTvImaKQlKMFq
530,Ariela,Bergman,lfEuhxpbLjTZoN,lwbLBthEbKpi
531,Glynnis,Wenoa,GROkHwNvWlVeXFGB,BNlRQupgBXggac
532,Carol-Jean,Euridice,lPwwgBeGKzwgp,skMLDrmToe
533,Bobbi,Tamar,ETwRFJZFihJo,HRTZAXCDXrnMsTgg
534,Katleen,Secrest,WvjQLVcTwtaJW,wPRKASwFMqHVTDfo
535,Gisela,Frodi,bKERkxT joMZJ,punZUZANlVO
536,Janenna,Ciapas,yXLgoPfwhn,JNpJjkEthEs
537,Chloris,Garlinda,YGMBbsKHJeqktmRT,xnzPJptMqsld
538,Jany,Raseda,wGJKVDWZRSy,drIBipsrkN
539,Liana,Neils,kuOeghdslg,GCwzjDhDEln
540,Mureil,Rosemary,wJhF rHXDtulSsU,tbhyWQSyLqVT
541,Max,Saunderson,uCjUpGNkWxAbo,xRkyxnceoPj
542,Carilyn,Eno,EzHZyTYWOBcz pEM,utJsvvPUnmV
543,Rubie,Bohlin,W CZOpIqxPGGvu,OZWySjJrlzK
544,Christal,Tarrant,TySZcwGesHGw,feKYgmQrnUHd
545,Esmeralda,Mich,nsybUUSgbyuUkzV,IRoqqlXVvJbcz
546,Nadine,McLaughlin,DLffUsULPFm,DuooJzXGjMEcp
547,Tamqrah,Lilas,LLcIvbdxRsUOUZNg,zrSFtiuZFIwrrtVO
548,Cyb,Stover,hfmgQjNESAYN,CsZsBeSZksGVLlKP
549,Mildrid,Blake,wpXbqaDUKRFWmsm,hVeyGGmhjF
550,Carree,Ackerley,bcuExpwyfIRJVgL,dkxIGcBcqT
551,Stephanie,Swanhildas,QnWPMsuucb iPAf,RPEeKCRYrgBErJG
552,Shauna,Keily,ihElcejaPTNnTdI,sCoxFihTdLVL
553,Robinia,Jillane,mxkPxBUCsJmeu,tUzOtWRdSZdi
554,Sam,Toor,kjczoacnDWHgfoF,WcDKpFigCzUfEDB
555,Kerrin,Henrie,D xikolKCXBll,vONcEhAFzSeqA
556,Sybille,Zachary,wILMBrCnICeBsFY,KAzdAfOdhIwhEVY
557,Priscilla,Rozanna,nkuKGcqvxbBWrF,JWKEAOMOJKuf
558,Raina,Anastatius,CAChWvlahisd,YxVcKOXGodzl
559,Elise,Devlen,SFjVivVfsT,PQYKYQPMtYXsaf
560,Hayley,Rooney,zmtXblYEtkiyCraE,tgcVvNGLYZD
561,Zaria,Tillford,LJlggjOubLFaoSR,kgoojkTBDY
562,Meg,Tomasina,MiuFAMxyisBIP,GAFFYbIELdJv
563,Jacquetta,Stacy,xoqrmzEQLSaXCb,KuSpzmlamnvHc
564,Dode,Olnee,RplGuWoYNgxR,JonWDnSXZmvXP
565,Sabina,Weide,WeIKHbaznnO,KbiNhQRGzAnn
566,Valeda,Brackely,ZlpVmYyVQL,tANKIDhwpZk
567,Laurene,Cynar,AxPPDVazTyxwL,vQsocTfZESwjLD
568,Constance,Llovera,aeeYpYNnaHLUxsab,fQzZPzkuFu
569,Ermengarde,Cohdwell,ynNmInYDnDpLk,bulmuAPedQUDL
570,Sissy,Ralfston,EZvbmQaraBS,bNOcyDXYVEkvw
571,Sherrie,Madox,RWojRWVmukqc,QVwoEoJYCBrijbN
572,Jillayne,Edee,JGLXLlrnos Yo,BzJbgqWitus
573,Gabi,Barrus,upqnmLyZWEWGx,nVxVKImSlDkKYx
574,Sarette,Germann,YdIoeiNMFcrt,toRXuvPHZpswW
575,Aubrie,O'Rourke,xiIjIwOrMn,lKkJnvRMHyhl
576,Korrie,Arne,ytoBBDBXflTCTs,UDxTjPgqhjX
577,Ardenia,Hull,uCZWNRqOPS ,rGOQLvfSuNkIHfJ
578,Albertina,Christal,MPdPAvnFPnmw,fQzXWyUVxd
579,Juliane,Juan,pWjoTaoSlFRKvJg,yIbLEyPNPPuB
580,Kellen,Thar,QmZOOVcpmV,OgeZGIXfvTAvgBJH
581,Thalia,Publia,khcuRJztqUui,CijWlGldEDvGSht
582,Di,Secrest,epMMpiqtPXKy,ZDeMyXBvLV
583,Stephanie,Garek,YsbEkoADakPunmlX,ighsRmmSjiOpxx
584,Doro,Faro,mdlNZzqGzo bVwfw,hPdqrYOsVIsBov
585,Sharai,Tippets,yIAPthTblZDbmWXR,CUIbQeMmSUucLlwM
586,Sarette,Dituri,hQrY byHspmF,cWTIpLqMYiemuoO
587,Bill,Larochelle,UEEIeddokXDYmz,CTbFzIRMSqQSZp
588,Christian,Othilia,BNJQqIJIVqBha,csgzIDPRAuSQerQ
589,Glenda,Danby,jEBPXbQjWtTzmZ,qdGpMNAaWiQxm
590,Marinna,Earlie,aooxIRWUMGtjSo,pRWuxvXKjrEWUr
591,Dyann,Seligman,hbOCphyfStCRcOw,KfyCzSmixSu
592,Noelle,Cleo,dfDstbkrTKYzF,qOcfyiShEO
593,Antonietta,Alice,yYKinJkoZVaaoSMG,pnzqjWeppUW
594,Deane,Chesna,OAuzRbhEMwqqy,bxysVbBdnHfEF
595,Rori,Anselmi,QpgwtDFFGjPxZb,XUihhtHeiw
596,Nanete,Bluh,asWFXpnNVTTT,DoCTMxtqgL
597,Elie,Forrer,lIDEnZRggZPrH,lpCFUyFByUVKz
598,Lorenza,Egbert,mrtocFAlOJQeoB,dxOMtvlFyIELjHBB
599,Ezmeralda,Tremayne,IYFyfYSqpL,LmerWymUGg
600,Chastity,Amand,yGSPbDEBqEgTLwW,FrmpQARjwuka
601,Celene,Oneida,eGSygBq Dc,qqrDWsScafTgHn
602,Althea,Lubin,fkxSTfXFkFuBxitR,SFzytVWPyfreTmAg
603,Jsandye,Sammons,ItXCerDfyHhMIe,jHVFMVqzTK
604,Cathie,Chabot,gPBIAnjyhrqsvbB,SCpUQwzlGu
605,Mignon,Fennessy,DMBcFfdpWnMVBuRn,DoyfPcpjvjCMT
606,Elise,Sherrie,kYYCHPVLqY ,TPcvrPOCvtzb
607,Tonia,Isidore,GkgGoGyWTdrgjjG,rYJmLqAyslw
608,Heida,Diann," rOtkqXnconjPYod",BzoVgZLpOjxYfLkK
609,Kirstin,Bouchard,i zCcPLlKKoW,LhmjiTOkJCSFDi
610,Priscilla,Shaddock,bbKQRIbiavsBm,kUzVGeiNeFb
611,Minne,Gilbertson,RYdaXgijCX,XhIxkbCdeaKmYLy
612,Renie,Gilbertson,NiVvpqaRqbYu,LJmmIPzXHeEXYHt
613,Fina,Macey,ZCmlAoLkCe,oEkUQpvIPFdQmFs
614,Emmey,Alcott,lVpZV rSPZ,JEEWeSJFKZKaZNp
615,Maisey,Bertold,ipeKgMvmp e,jWRmNwiuhsLZ
616,Frieda,Anselmi,vBwTbowJpK,SQgLCdOEGdqVVCB
617,Misha,Edvard,SmQikehOvsHhXFp,FPslhXIPDxT
618,Amelia,Thornburg,dZiFvzFa PnAqo,KZgDPWClUxoW
619,Lila,Gamaliel,rTBBivym wpdOcf ,SscWVlpHfI
620,Rosaline,Colbert,OjDVsGZcrTZbgSN,cOzNphVVWoi
621,Cecile,Johanna,ABjS nRbkz,WtSAJalnck
622,Nannie,Sallyann,vOpvEpwFptTE,GJjlhVEFKSkdLmt
623,Elka,Ade,zZOXNSmJsbNSiJ,kFypxJOVSACHcm
624,Heida,Lissi,eKTEUAVkSDdu,khTpQdeVBZsGhu
625,Sean,Celestine,ryqEeWz DsQIjV,RyNpGBzMDASEvsM
626,Edyth,Lea,JszXltelJ F,KtecNntoROWyTAl
627,Celisse,Shaver,pJoDbKzUr h,xyafOUYhvNmbqg
628,Jessy,Byrne,SWQcdrgRsox,SYUAdndFWyp
629,Kamilah,Margret,ZmSgOhHNUGPyGGYa,tZupEXyEcAqISM
630,Melina,Eliathas,PcDaqazeFNELuJD,WMtUsTSznwljwD
631,Steffane,Howlyn,sfoRJLSirfm,pCsgipxjlJab
632,Hannis,Riva,NGcaTWSb RoayQV,sIsfEqOMmdCydqkL
633,Ana,Rogerio,KlXgAkIQUIBorSn,wxMBNUcOAW
634,Barbara,Leopold,fGGglVBoHfblc,ipgSGcIbTZwZWDE
635,Edith,Elbertina,ZdZUJUKKup,RXzAVRwMSgv
636,Merry,Sinegold,fmOWtIaGxG,vcbxrsiBOilftL
637,Dennie,Gert,XRrOeEFgDfa,GLpvnyscSg
638,Berget,Verger,ImRtfKZjJEqNUpWy,glVMzQFOZvyNZFm
639,Odessa,Randene,YDwgJlBweB,GweaiNfsWHwE
640,Nariko,Knowling,raaySet Wmpf,mKfcmPoADapvowV
641,Loree,Denis,vuynnhJwVqw,NDHSnYySOSZ
642,Annecorinne,Johanna,cjfkttNBsxSgbD,eUcTPsHTcGPALgV
643,Bernardine,Cookie,lSWzuHEYdRRRF,GCyOTlapyBxlKYz
644,Queenie,Jalbert,EYakcwfhbvoV,kZNSBKXrjoo
645,Charlena,Ambrosia,nHQHTRcJiCdveY,kSJxcnwRLWrrahZG
646,Pollyanna,Cornelia,rCVtLKkXXvTRcsub,ToWSyZZsvWWVgNic
647,Ruthe,Gamaliel,CDwCaZMGDLXBwZiA,FVKRhnFGeSCFV
648,Morganica,Bennie,HzUYzFPuIkTw,phOGPmXnnQquQLO
649,Elora,Couture,BcCqLaFDWihUcc,IyiCImbEKdL
650,Leia,Faro,ZYDQUDJHWE,kFjRaIdCahGFPbK
651,Caressa,Keelia,tN uCsHbMSamck,EaXZSDrVRdp
652,Jsandye,Timon,oUKVZahodyg,DOixDklFZgGjG
653,Margette,Truc,jwwzQOFpCMd,bCqIMZukPRBj
654,Kenna,Santoro,oXakvNlXtJ,zSEyAzlQruyRPi
655,Gusella,Oster,yxsSMHHRwlba,kGjVKMUtfPmIfVMB
656,Ernesta,Percy,sRpVbxYTmIy,mJPRFKrOji
657,Barbi,Luhe,DfiKVvYbaq,gLUwQsGzTpT
658,Inga,Barrus,cFsAOCpkPrVLgR,RjyLPfCrgUUWw
659,Daune,Vanni,NTsCL M BkvOcnx,UYTosbJAler
660,Georgetta,Cristi,ONIjJnBbCNiUc,CugWiPHFLOwPt
661,Sybille,Wesle,RVSOjrnLWM,PSMhZIvmOZ
662,Anica,Liva,ibJsUdJcfk,ygglXyPlOcxvk
663,Kittie,Ball,IONtNHdkDXxYRLy,YWIaWbYJKKT
664,Renie,Whittaker,FQDQawtVzcIUu,CBlWGMnEsS
665,Basia,Milde,iNTzeQgDmv,qosvnDUAUzooWCVB
666,Inga,Girardo,EBTZmlcqmQkbVBpX,wgAApdwPGpJKImL
667,Pearline,Trinetta,iSQyEbbWigdVocpo,xpvkPLdfhYVYT
668,Kore,Atcliffe,abPrOllxTaCOXoT,tlgJTCuoWOM
669,Brana,Weinreb,uEzSosDAYan,InQIdiaRmrRin
670,Catrina,Ledah,UzttBWCciNFX ,hRjfybcsPoWYB
671,Hope,Goth,npJhKRtekgLw ,wwHoIwsbeZeWQ
672,Consuela,Lemuela,sHsTVAykphxAARk,tpyUbgTRpHS
673,Tersina,Weide,GuvHSIiAw ,dLwIcwkJYWxa
674,Lory,Mayeda,FCyyeIlXUXyK,pOFZVzWxmCpQAH
675,Nyssa,Korey,uwqcKhRljSPh,dIZzERkZmqGrHKr
676,Ivett,Dorothy,RnXQfAoILrnl,vZZRKiDhqCwU
677,Lorenza,Jobi," EVGEcKlJs",TZmtgVCUpLG
678,Elvira,Anselmi,RKFmRXLrKkLkScn,NAeDLsTJcirgZySp
679,Corene,Couture,vaGSwTCUXLXWHuAN,kBztgffLGi
680,Lynea,Percy,PfUklubWcm,VCYDKKbukJwxLJCn
681,Lita,Chauncey,SAIdfFfskMtr,XwuJCeLpMquB
682,Chickie,Septima,FmkfyplaeOVZzr,mbvpTLQTAzDdG
683,Gerianna,Cordi,YowGeeeovXGR,eMOZnDJmjgJln
684,Diena,Jotham,QKWZdqXMYbtWvipG,RTqLrlTwrHLEIUp
685,Gavrielle,Deegan,scBwAcoWQsctGp,YjBYrRiDDr
686,Aimil,Peti,HEVBDMAPHbHLQvW,HKqLyIqJTPzCBGm
687,Elsie,Yorick,adXAhKOLtGTHUO,wrXCgMBkBajCWIU
688,Edyth,Belldas,AqC hqyDyoEoojv,tRpZTBkzvipOJf
689,Lorne,Pauly,bnxXnOYAfGJ,dgJbKgCXqAK
690,Winny,Lilas,tflEgvqsvhWNg,xqEkPjZclaBW
691,Renie,Grobe,majqTStqYN,LafNXfzIbr
692,Gabriellia,Kiyoshi,MIWlmhpGEk,QNnnlhbiJCyTmC
693,Diena,Guthrie,C WyoSvUWGFx,FIrWZBaeatq
694,Sybille,Gregrory,jwGRCjjRhNzLk ,nqxnIoxkbYUNkiP
695,Renie,Zamora," RKTOhHXKfQkvz",bMoSEIrsEbPH
696,Delilah,Shields,NhABeZ enJDGx,ndrCiviBrVxQ
697,Marylou,Kathie,bCtNpWYUvOXi,jyLzNqekfEh
698,Coral,Kenwood,XwTdgKZVYU KUCe,BjziMzFCXU
699,Consuela,Maxi,EfHJGssNRV,jtvzlFpWiJ
700,Dulcinea,Cassius,doycIKrH W,xVnzwlaXyCgcu
701,Magdalena,Gunn,rqVofWwNOTRYQY,NYYNgwKIemZTWJY
702,Carly,Morrill,RtOURxaAvAu,gxgfZQClVtcNFKZ
703,Penelopa,Payson,phprLVILsSlQYbV,lndeQfGqQMBUXRbm
704,Lusa,Seligman,EqyStZNDigtFFd,GYOLIOexDmhknn
705,Jeanna,Ciro,RtQQczSJaP,bxKzMPMxXzqc
706,Merrie,Trey,MKGAvqZWclCOZ,qGaMCnsBpKPhvi
707,Roseline,Leler,ZxRTTbGZcop,kdGEwlxMUpVD
708,Lily,Lesley,kWOgnYYPqFINfPR,uUcoBFkWcFNpcUII
709,Courtnay,Standing,EEFxcIlLoLvL QW,seDgOUQGSTXXRDf
710,Jeanna,Knowling,awjxyqqdAwYX,nzoVrkBQQmRdQs
711,Dotty,Kalinda,LAffNBFBWES,dXPdjBiNgeUn
712,Ardeen,Anastatius,SsRJu BgkFWI,OqisBrivOU
713,Amelia,Center,ZMTAuXopRnRKk,OsEyugigQJ
714,Verla,Toffic,QOcrxmSCdNdU,tEGNFImJHrm
715,Dagmar,Ophelia,oUzVmKFqeiHCIhA,GdEKTsqmFAmL
716,Aubrie,Charity,NRXEMfSuCXGgJk,hEQKfbEUhf
717,Bettine,Randene,HbTYDBlDlDpH,vDktfRQXQtK
718,Bettine,Kazimir,lqAGnwEuCoN,NrNLURhorKJUX
719,Regina,Kimmie,aiRREtEZIxwtSTna,rPHPjuZSPveyKZEI
720,Mildrid,McAdams,pvFS zxSUCoOamNv,qvyFwoVqqZm
721,Ana,Azeria,kBhBSSMevLRezp T,SKquGYoYqULz
722,Giustina,Bach,gyMvH xnpuhUKW,CQDCpeTfqiArgKn
723,Consuela,Harned,LqcmULxEXc,YtExlBOXNNNtlyBJ
724,Candi,Urias,dqCprNVhBQMaS,oczPkRVcEYebYTw
725,Courtnay,Leonard,AJCCLSVwGjZaezA,KxmmbKzkMSh
726,Gilligan,Raffo,QDbPabYGixNyttvj,aNmCSZrwUcAeCL
727,Coral,Naor,BNykvqvNnplxfJ,erwJRYRSiyi
728,Natka,Kress,SrBoLjYVBO,BzobkRxvKUx
729,Catharine,Gemini,qIVDjqngacKxY,zFqltJmUqLQBl
730,Shannah,Iphlgenia,pYAP RbugMWtwwbw,ERKjiDoYiNDRBpy
731,Willetta,Nahum,MMXhGqsJZbDE,xOIMUgKuid
732,Ashlee,Jarib,rxUGjivNmgfdOy,YLcfvgYOvLUZYuoH
733,Latisha,Florina,LkSmpgjECSmmShf,upxdunCwnO
734,Beth,Marisa,PKV  MYJPHtzwfy,PrdAIIpKAhZ
735,Shaine,Myrilla,dwVMuqUOcWdDdBUF,CHNLcQyAxknE
736,Vevay,Tristram,YEfrZALkxTVbfN,GjfPYbaKLf
737,Valli,Malanie,yxfXjxMQpd ,EfRimzZVrPSa
738,Nyssa,Ilka,sOgPyjllRFkyAddK,SddueMXEzb
739,Sarette,Juliet,XuJhBvNOnFvQCn,rONSHYJjivlB
740,Demetris,Mandler,fNWDaFCMc k,HdfluTfuhCfkxJ
741,Gwenneth,Johnsson,glcVWVZvGNRg,vIjUqmfULiMsAspI
742,Kara-Lynn,Faria,QXfuGMrlvXyo,YaDaCeHkwerukO
743,Nollie,Tarrant,QfXcKFbWytY,tZkslvDkkLCt
744,Pierette,Shanley,bxuYFkmXkxMdXB,UcdTiURRrKvDo
745,Tonia,Zachary,yaDTGQetkk,PUOqXwcjzCL
746,Annora,Nance,sfKGcIZpmietuK,bXihRpkEmUZGT
747,Farrah,Laurianne,mPJt QqXLbI,fPIWxvWpcyxVR
748,Eugine,Martsen,vrRwQOuNqGlY f,UJgqQbUzuRy
749,Chickie,Hazlett,QbrooABESE,RMMEYAUYhgjcue
750,Hollie,Brotherson,LdJgxJEb HNfvPhC,gIxOKdiPjD
751,Charmaine,Hewitt,pPXrbxufBH,kSPJsfowpFiTOGnw
752,Daryl,Salvidor,BOLYPkaVHrvkQafC,kzlXbEnTEPwY
753,Zsa Zsa,Screens,jEYJDIPYoPjPZ,QdlwvAsLfkBHuhpC
754,Kimberley,Rubie,kmLcITlUude,DwCLundlQUPMaoe
755,Celene,Phi,YbCWshwSuTFJVRNI,cfaSQPPkVhnZzoKy
756,Bernie,Hortensia,FzsvwCiMhnS E,YJQIdGKUMDaKOvwT
757,Elyssa,Lenny,RqHFvdBOODoVK,uNqnWWEcnY
758,Chrystel,Amand,ZniIPtPedzWL,rCEMFHASPhLVneJj
759,Shaine,Jaylene,ryIkIiblNuhBVR,LjIKpLlWFeJHpD
760,Marita,Dorine,lkEwPtk ryuMJva,ATXngBhiCLlcvkqp
761,Danny,Lia,pLwFyCYribvxD,yDNUSeLltp
762,Coral,Turne,MwgktEyeaUfY,tKXerfjstkGY
763,Marline,Guildroy,zMOFwvKpPgMhNCk,FUtJAmkwillIYW
764,Mara,Larochelle,wjPinfyxTwM,blcoAyzRAO
765,Dode,Tiffa,J iigHVDUTXphLnE,lzhViwbHbliuN
766,Doralynne,Morehouse,QbfhUkQWsWRWHNle,XXJafdniOiHG
767,Pollyanna,Alwin,UGeVOjyytVkht,fHQqJVtEeV
768,Glenda,Charmine,Zk xTwCtxxXFgTp,QEIFDHZgysLixA
769,Elfreda,Anyah,RGWUYWNlmbC lBn,prDQzvVDDwm
770,Gabi,Wadell,cUirxWzJxi,wopdFAnAsB
771,Flo,Leler,aKNThcCiKSLNjOa,YUnxkrTeMRngJpU
772,Lenna,Larochelle,mRlxfJMTSp,eAmXCWvfcKYxFLq
773,Taffy,Bergman,YXSfhwoIfLc,PTaOrhdhdzaTRH
774,Ada,Penelopa,lEBaMaSsEP,VjWKMHKPVXAAkBD
775,Shell,Means,ETTWBKlKCg,UdbsbZiALfa
776,Gerrie,Carolin,gmkVuhBfhCIlo,eIMgHxtaBsme
777,Catrina,Gamaliel,ptRE xNXgMJhysv,mukJZsEHDIwHD
778,Magdalena,Raul,WsghfxwpkkQvR,VWAnwvaoWq
779,Britni,Lasley,ghtsIXKkzq,vEofvCvsUKZxUL
780,Celisse,Andrel,RxyzlKGYFuKg,FEsIqkUTMLYLECD
781,Valli,Simmonds,wuNCwMqpR ,kIlYUSjfZLfL
782,Kathy,Lymann,bKYbRkiIIi,MgnZjONHZLtT
783,Evaleen,Gemini,IkNTuVWMnRprmgX,jluzRSeRfM
784,Kirstin,Vharat,MDnSMprebu,aELaLMBOzbRU
785,Nadine,Hoban,uBpDuAoXnqxwvKSf,CfWfBhEemzC
786,Sashenka,Nester,FUqYwWXFuCQFurk,LHiZQRAHVJfVXcE
787,Mariann,Nore,OilQQuuhWhdzH,QmrSYxLYAG
788,Diena,Geffner,Y CyrLLczKHlEF,UKsQdgNdxLNsNc
789,Celene,Buckler," PLMRNFTVIRlKz",HteHYUQtFmXW
790,Verla,Brunell,gmnJZDgAabEVt,qTumRsjKQrlqLMP
791,Chloris,Ardra,AWZGZhxWiCIXBxWd,CYagUPapQl
792,Talya,Stanwood,tO kHbJRQyHGsDJ ,CYfPkHHFZdcOjJ
793,Coral,Buckler,doVPivcNPYbz ,OLDWooPqID
794,Fidelia,Berl,oAXNbsHJeXJ,kffkWjLaPWDjcYaS
795,Myrtice,Brady,CHeQDYdUULZ,szNshKkdhp
796,Thalia,Bluh,THCKhfWM oFpo,qcDOkzMVCPlMZqyP
797,Debee,Wilkinson,InjbxsLOtd Ctgx,kGHNeiubpiV
798,Charlena,Rillings,ApEssB wPCPn,XlsnxTxtSJeT
799,Rosanne,Aprile,lWxWNuOOwPIM,QYyUYAadvSQj
800,Nyssa,Saint,ymlNdkLILzvlUM,vlsZgLpcZwFNFwD
801,Mellicent,Henebry,lmGVjvEgx Ua UI,ecRGkaOdfBlr
802,Augustine,Fadiman,zFON JPJeXrxNgOb,XzuBglUeUknmM
803,Hannis,Teryn,JwGxlttvBLMo,pKVgXQpEoOSGNV
804,Lonnie,Talia,mZxVTLowGiOj,hLJrUbExmYJhBy
805,Shauna,Bryna,LuojmUIFUHflZ Iv,oAHNeRGYUz
806,Dode,Himelman,qHvWfODpckyaW nh,PlDnCFvaujGB
807,Julieta,Kress,qjEnBPlQoKHJK,hRWeHGJhjUrTEA
808,Leeanne,Beebe,OqJKbhXkQyJ,CraLYOTdjlpsOS
809,Correy,Wadell,VHw NTjhZy,sXHafaTjzKNqzErx
810,Dominga,Barney,jSk KgMSOVi kt,BJmqewHZUqQiy
811,Carlie,Suk,SoslCyAgkhzuVPOo,qEAczhwUWPz
812,Tierney,Schonfeld,OtEazHJYCqHl,MRCTivMWHr
813,Gianina,Rogerio,SKWXwUeawHSGEe,xIcuAqaPMUtdjm
814,Fayre,Torray,kwYLcJhwzRsbT,BFeGotepwZydaCd
815,Vita,Hubert,ikFZxxsVVfwwC Df,chEhwYaiyWc
816,Brooks,Halla,WSuPGKZGzmuoXRNE,LfjfOIbmpdZnPFmb
817,Pearline,Emerson,UWmDGPjEaoPzxFcQ,IiMpcjZWJxUoOlTY
818,Gusella,Tjon,wNMLKhGdsZkCgsF,KYGcAAKuAk
819,Dede,Melleta,VnuLihFtrFSPK,sLObLMGHiFKnE
820,Sandie,Vins,KhbprVHXOUF,QLDHxDWJVSWnOTTn
821,Ayn,Chabot,WxTabdGonsLM,nslhSbTXmKU
822,Bernie,Vins,fAMChVgZcXn,pZlbezwzEGHKz
823,Wanda,Eckblad,prPPY ZTcYdR,QYlQBedtGWup
824,Brooks,Loring,uuoQTwofmMZQpvyp,VglcYqBwnfzhwVPt
825,Vivia,Loleta,QtsW XaEjetN,ZkOejCgWrWk
826,Lesly,Melan,RjiObnpjtfb,LXqTVdXkVQLstR
827,Jean,Erminia,aibvkBqMgT,UDCNZMaWPY
828,Joeann,Denis,tntSdfdIpsvJlYCm,WkHSFvkSHlwAxLUv
829,Candy,Milson,kxGooRmwdLVSzW,iNVwnpRxvb
830,Kelly,Sibyls,JpVVhbswCGNutAEn,zzVAhSqOSkKkJeE
831,Miquela,Alrich,dDQhUFHByTyKPAVF,ShndYGMeylp
832,Danny,Kevon,mJ gWunzjoWZJd,izNtUJNvfgGKLi
833,Laure,Darrell,kRIjDai qijwHZ,NhwLhbZjyHBD
834,Georgetta,Suanne,bzeaj KZjm ,QNQeKMgNynoA
835,Flory,Joseph,ctGPhrupIKhSH,RmPsZUpSWn
836,Ann-Marie,Ashok,qbENZIcfREIZaje,jZGKEsPWWO
837,Caryl,Earlie,wqSiLjOBXZt,iYtDNMaXJkVOw
838,Juliane,Manolo,PHrriYlJmSWglsG,dlbwfHKRphukfI
839,Donnie,Tamsky,itfh BKOXglWsG,atiZKMCRAivDjDTX
840,Marita,Toni,UCNDgLpKs ADM,MrlGtTjcNGwMlM
841,Fawne,Schlosser,RAwgHJKUfakr,EUYVIEbDwxQv
842,Courtnay,Ardra,CjkVtsXoEUPteU,RdVwEvwzmehgOsEN
843,Louella,Wesle,iOKtPEYKXIoX,cOLLCSlIQlI
844,Lanna,Sprage,MtuxhjlaIbrpaXX,hvWvSSVlbXZVR
845,Corene,Bow,tgfPRhiwypGE,BxGhDoXEdYq
846,Mignon,Marcellus,UgsgceUBCoQxqy,KekSXXgzIhOl
847,Modestia,Kellby,sDTlIgdrFPSOEu,REsJeHVdnL
848,Rosaline,Gahl,AKpEwYlvFUtDpV,LfgpBNRljJvfK
849,Max,Fontana,QSPOHKJnpuUG,BSLklTVbhO
850,Oona,Beniamino,BWBZoAyuDlgsNaY,HKzTbuCpkmuEFxFR
851,Heida,Maroney,GNGGjgEMylyYzG,qpkRcQucCjO
852,Daphne,Howlyn,EsDBDfgFqZvC,xzLveFxlsuh
853,Carilyn,Leifeste,HlwSdsMCtL,cUNikkQbAWQSwD
854,Emmey,Durware,gEZwUpgEIgVuFXk,JmfgjkETxtqWxrR
855,Blake,Shields,vfuifHSfQy,CJXJwEMUJJYQkdS
856,Viki,Ardeha,mzMhNJzqxl xap,BuULiRvHnKJVDG
857,Wendi,Cornelia,TGIjGzNZNaXZSt,GodPhJfDZcAQvs
858,Dania,Daegal,RfBSWSySmyTCoAJ,flmNQeSnFdGC
859,Tori,Manolo,AEUoHqKmZuKFeXOm,SboimiUlameEzh
860,Drucie,Bury,uloXopqfUnljE,TmPupOSZFbcgaeeV
861,Flory,Eno,xvkhqeuRzhQyogg,lhHlXjCauNMjwb
862,Florencia,Jehu,tFNEidKZicLwS,clcKcxyZVhUEQ
863,Diena,Tremayne,adsLkjuQWnU,ENNsZMKzWiKGRvC
864,Dorthy,Leifeste,KMbOBccEtw rI,YgOkVvIfZaKWbdg
865,Jacquetta,Elephus,cQrPoefOCWguakzY,mWJEthIebQAyIXO
866,Janey,Iiette,OlHZInoQKNyX,qnegYFvNlxFLlR
867,Dacia,Cutlerr,qedCBKLutHiTb,dWaqrGRxqg
868,Shaylyn,Hertzfeld,ogZpyyfXAfU,OnRgWXHbzHb
869,Allis,Podvin,tfWFlNjYnjrmig,PHSnRZFtwZYiLX
870,June,Chaing,xBwyBTukZkaTIkK,VIQrTwaIzZOOv
871,Siana,Rugen,wSFyDkQwGqw,HBNDSTSZfD
872,Amii,Boycey,GvVquSzeYpEYt C,xVqmIlZbELgf
873,Blake,Ummersen,kcjtDjutOZ,FLQdtBAIdu
874,Kary,Idelia,FvFrrdlnvgI,JywVCECLMtxbCf
875,Rori,Borrell,wUDLsoGqog,GvHkFnqrrYyBBmaa
876,Phylis,Medrek,YFoWLfNYKJq,thaIovAgvY
877,Gaylene,Gunn,EAfutOUYiToP,gzPfpFzHBOypqB
878,Riannon,Medrek," VKaXoeNQLcW",XnnaIkqKGimoYh
879,Lauryn,Maples,mKqNNFkwEjeCbqgq,GVoCZkDCwaFrTaPf
880,Shandie,Jagir,x HUMnlGAngtU,jZtRyTOhqfk
881,Felice,Hebner,OPMsqEPESWtbZkGk,PsPqrnfdVPxYvI
882,Stephanie,Bandeen,BKfMObklBjRANB,sJVDVftGcgogxlj
883,Goldie,Roxanna,j eAcqlHlEKFchUk,MqBvWgojutHjOwnb
884,Corly,Corabella,KydFQPlXRfRLf b,dQxyjmLivZHGhgpb
885,Grier,Robertson,kbxBWvhryIN,sLsBiRBwkv
886,Katuscha,Ambrosia,EHaBGXWzJHxl,KRWLRwJQyU
887,Gloria,Raffo,qhsirixTPMfsPPL,dArDOnLuoOW
888,Ruthe,Germann,shBsUzxhJzWkcej,ppUczPQmoUKF
889,Lonnie,Lanita,bPuIxIVMsAtu,OabilWDxBZbWX
890,Tobe,Bonucci,UmaPwDXapOS,fpxDgBuNvrDuNLx
891,Lorne,Mullane,JmPzaoNxPJYBZw,ApVMTmQgStX
892,Cyndie,Johnsson,wjSdQdvPFNsF,TcZVnGLQKf
893,Nonnah,Bakerman,UrZay YnIrMro,wgfwFrgakVQk
894,Correy,Vernier,LkgmVVsphsyqypRQ,XavKVEEJjKvIs
895,Tiffie,Germann,XatsGFdYAr,UzwVfGJUhPOzvtL
896,Moyna,Wadell,kX osYjpgYu,dehVlYFdImuy
897,Lisette,Oneida,jJhlmEWddgXlLm,JuYGLcVcDywdyj
898,Brana,Zetta,YBl bEEwrcDvd,ktYtxoHpOBrWsDh
899,Nikki,Fairweather,kxuFjyxrvCn,CqjRUiphlhDqCnZ
900,Donetta,Chick,TERMLrrjXUM,GzCAxFgUGi
901,Brena,Trey,mexmmYMTTnCIvqtd,nKFiLrYsHjeJQge
902,Jessy,Kiyoshi,ztBAlxSrftO Am,upgUdGneajyDlaIl
903,Carree,Sothena,EVtFKMiSSPu,nyoiZELarhQa
904,Suzette,Corilla,iddihThgj bxP,VOVMYYhNwzSgViLl
905,Gloria,Kirbee,iufteYoBGHesKhj,LPvVLkcJPH
906,Lelah,Dreda,VOrVnahWvt,eHdotTLwGhva
907,Lynde,Vary,VpStJvStdXxDTJ,lQVkFmNzYFtIsVk
908,Binny,Artie,sOuAydCgJhRlKOv,ysEFzMavHCOLiYl
909,Chloris,Maiah,xMxWkRBFQGvXF,jLcnQEjslnLAYug
910,Vita,Malina,vmQzWVChBeg,fRIxqZpftowlR
911,Dorothy,Hertzfeld,jacDMPRcNNQiNi,FsDVnCENZOhX
912,Elbertina,Dunkin,dADfGLAg cuh,KsBKPgmRIGZ
913,Kaia,Lamoree,keLmMzuZjD,XHEtEpfzGWvtz
914,Amalie,Hessler,MGqAbykVVIvm,zEYiWGqbuTvUMgR
915,Janenna,Burch,vXtymTwUcWzywWE,BBpMuThUEtHRdBy
916,Cissiee,Wesle,PoFQPxUkxSB,FjDmhhvnGz
917,Lucy,Lynn,jzJmOabfihavfW,gMUDeydMhD
918,Betta,Mendez,fxyIrQfkRB,JQRmZNozGiV
919,Carol-Jean,Primalia,XLMBPvUBnFCz,EWcufaqHnMGDmXzj
920,Carmela,Eliathas,jOFFVRDefThUgh,exBdNnUOEYHufX
921,Lauryn,Sallyann,mxtRyJggPXMqyXqo,mDMuYSpQaCZ
922,Benita,Haymes,cWCtFaYRGi,MWbLuNGngrslU
923,Glenda,Lemuela,RKrVzOYNXIu,GPGcOogUrWZ
924,Deloria,Wittie,GSzbcaMpJFjfe,vcYbQcfbJpiV
925,Zondra,Zola,fxREcQGRbrkwdCGz,WUQAVqevHZS
926,Albertina,Rubie,kIjPsABcjum,ArDQPhYpBlug
927,Corry,Tyson,NsmrLyakgzfvZgFp,mzcKwYWOWj
928,Katharina,Rillings,uGIOyCjEOiFjWU,BWIqQyNxPNOfqEkY
929,Asia,Nicoline,lFgMDQAuDwKC,QKPvoAcAnxSuPu
930,Abbie,Sekofski,gQMVceukTvMGaQ,wRyKstJsSX
931,Cacilie,Felizio,FoppCRmCni,bFDfwjAMeqcx
932,Shel,Masao,RuE UScrWt,wsIlmWyBFkXdz
933,Hyacinthe,Morrill,PAlCMfQIGQhSpO,WwbJUrpPsVb
934,Adore,Bollay,zjvRFtiEYc,zElBAkDSCQV
935,Lucille,Hubert,BZozrNBXxWRm,UpFrGKfgOzxA
936,Dari,Sundin,tnEZCQbRRaNDw,YExWMqHinaKjHgc
937,Rozele,Merna,VkBSlgGliG,QzHVknxNDMt
938,Heddie,Sperling,SNlbA VkcFNLqsHI,ohEaftoxJRLedTU
939,Liana,Marsden,FBSztfTzuBbpHHWp,fXnzwHEMIYHic
940,Gale,Daegal,mljduQmEZpngmie,KbqcYawhIAQVqWv
941,Jaclyn,Bobbee,CvcIvyBFXp,KOLyudkfWURaRO
942,Oona,Adamsen,dNVnitwXcwiyTcaH,sxqiybfpqz
943,Aurelie,Linskey,gavvFxAgpuDb,xEvnMXxURoqUK
944,Pierette,Louanna,DWLUOEQkTgOtnXU,gECHbKeHldk
945,Aurore,Ruvolo,vgcnKlynruNl,joSrxjVRrx
946,Binny,Tound,mlzNpUbsPkddBo,TQaOkRRGDAZ
947,Daune,August,dZPZRXDEHddLHG,vrJRitZarkUyyWrr
948,Kirbee,Whittaker,WNEDmKQgGZyIL,bMEBrUJEGIMISR
949,Marguerite,Bari,hrgDSgkhVnm,YeJAGKosRWi
950,Antonietta,Hazlett,ROdCFJRwysmzflbx,mgMnCibJxy
951,Augustine,Therine,usOXSxVpevkZge,XlchBBirsNmbtJNF
952,Ada,Marlie,rdBNRHqlpRdzwmea,UMJZmQLXmqC
953,Gui,Jerold,GvZUVThdxFhCEYy,tahDBHZNtXXvWVov
954,Dennie,Vastah,Oo QwNUHCJ,RhELqBMJPMY
955,Jaclyn,Phaidra,fQblDjIUIesV,eDUwwtDQIUlz
956,Talya,Anselmi,VFbtBbFlWx,belljDuNsMBkIO
957,Rebeca,Cleo,oHCDvFETEf W,KUhWeeGQWFxL
958,Lily,Bouchard,jArYuWroyWLckv,uuFkwLbWHay
959,Nadine,Callista,RgdQQQxaVt,vUKfSDpYSK
960,Brooks,Myrilla,aovqUneWhPkkAK,cQyUEsrEwmKuJ
961,Chandra,Annabella,iyKgsOGrFWgY,VGWsqyXTtpxtv
962,Frances,Allare,xypjPdIlGPIPj vH,QKkBECgsFEG
963,Lanae,Kevon,JhtKtgjsxem n,IFyEAPsLdtR
964,Candi,Zenas,tEgqkcXzfbFRT,yqeJYJdMavFuCg
965,Lory,Joli,oJbXxYIYDMMWc,VppXDYaXYNp
966,Grier,Gaspard,ZLAnBfNKzPb,YkqySxITUuWMH
967,Shel,Vharat,c OcuRcv eslELnQ,DlFGlkBKYDwgW
968,Marline,Barney,SyLPBYGvfYdKez,EWygoYXPKI
969,Kimmy,Codding,CJlrUftiLXlKVmFr,vnIfLeqRFsMTLIyV
970,Gilda,Dowski,PlzxvKbfGcyerqtA,CmofyZAhBLyNdqz
971,Cyb,Maisey,tfEfmiQm LvxI,uhqHbZoywVmXzE
972,Fayre,Anastatius,XHQZxskzrVxWjuI,gQURjcSKtdGvMF
973,Selma,Eiser,AOJAXQfiFKkP,dTGnVnFFQckQmlm
974,Candy,Bahr,czxEVTyDArBqTQ,khIknWOeBGUDFaSh
975,Tabbatha,Evangelia,IfsYgngkbCaLP,BeNuUDBRcK
976,Shauna,Colbert,oxIEkHnsuZCuapPX,FyWUboxvlDXmMhw
977,Nataline,Hessler,j ZiuJEdrnSr,VpFkRJdSzx
978,Kalina,Septima,YJAxBMLcuUzcbPie,UHhLgdlHQmefT
979,Adore,Dex,VRr xPfBuX,QpELGvmqIPPpkoRr
980,Lisette,Linskey,xmFCcBDiN ,clNuCtRWJRQ
981,Ninnetta,Nerita,TdkZNRERZrpavurl,ksnxiJItaSCnQkk
982,Aimil,Kalinda,qaZiudVgwtJR,sFKkfoTRAaYzjvRE
983,Alleen,Jalbert,PKxIVuhLWrkboVhR,LtIpHeUqmZJPI
984,Dorene,Odysseus,zIenHjoDjCHF,zotFHpnRAHTvaD
985,Siana,Karl,LrArJLuXgJ,SyJPUJKoHLr
986,Blake,Amand,uiCpXkcJpxgHKfX,FbyMEzUeIhbTi
987,Danika,Meter,qIEvYMKvhDX,rVBGcKcGaAomt
988,Luci,Nea,M WifOXSmuL,foabTxXJAX
989,Rivalee,Cosenza,fQOpwScTahECQzOW,KSZnAsbJrxV
990,Julieta,Sigfrid,DaLdrMzQRTcLC,BVaVticKKtxLIo
991,Catharine,Saint,irclWZPHAomMR,pnZHRDhdiHgF
992,Aryn,Nickola,rUDhKIYbCGazwd,pAWHqFTIJFrRPUDQ
993,Chere,Solitta,WMyobyJiayfFTE,HjpIgMCzJp
994,Jessamyn,Herrera,szTEaHgnripMKc,NGNhxRsaWQPs
995,Marika,Maurine,Ot ExXrBHb,oRTnRKvTgnNnFDJ
996,Bee,Randene,UrLPhxqZWPAi,kgjNllYevNafwX
997,Deedee,Salchunas,qukerUVjDD,hdnkidPotQzLUfTN
998,Shell,Stuart,whpyiGGl Ygjuwk,VFokrWTOLOc
999,Britte,Darbie,vG qenJZHrk,KWVDVPMJgvc
1000,Marguerite,Lorain,kDJCRjjNecU,JeFyUzywSOMPBRRE
