studentID,firstname,lastname,Certificate
1,Ada,Belldas,hrPtKHrFzR
2,Jean,Kamaria,zzYfNHveYRr
3,Suzette,Lenny,frhIvDAnOIWMXLP
4,Sabina,Sallyann,udYtPKlnKfdNOI
5,Trixi,Ellerey,AiDMNMRhlPQ
6,Deane,Nicoline,wEJmnK MotmR
7,Codie,Nerita,IrZTESgwQAtg
8,Emylee,Sheng,oDeFfJpOKv
9,Mary,Silvan,SJQophq HwN
10,Karolina,Abram,GVJJjJVjRsWJDqSD
11,Lindie,Velick,KSjduamuxwkRED
12,Morganica,Stephie,BNgnDdBhGxTHRL
13,Fawne,Lilybelle,EQQVgeixsXRLgcSx
14,Nonnah,Tacye,BjeAlpzEPQijD
15,Jany,Joachim,gxkaoIpafOviLnSH
16,Sheelagh,Toni,eJylMuJOYQS
17,Starla,Hieronymus,togvbTbumfnH
18,Karena,McNully,lmNDasTLHlBilB
19,Alie,Lumbard,UlMLUwHCAnMXt
20,Rubie,Linehan,YGGWmenANEaIUO
21,Linzy,Gaspard,wUBtIdIXYVVfEu
22,Leia,Dex,fmtNSQEfRlOFNLx
23,Lanae,Raseda,HOusVsliFp
24,Antonietta,Niles,pCesBjYeDf
25,Paulita,Pattin,KgRyOENWFFFyRH
26,Berta,Bakerman,BqnmoLBqFsPjJ
27,Cecile,Thema,HXUDcSMQmW
28,Lolita,Socha,UlLeNmiVzuqOu
29,Tobe,Lia,RU x OlPAgYFwki
30,Nariko,Kunin,EjXdqvbtnhgN
31,Sonni,Laverne,bMJDsHZLYfHxpqgO
32,Ayn,Tybald,MTiWXCUTyKVsna
33,Lanna,Karl,hpQUKdUUvNtBpISM
34,Kathi,Leopold," mgRqjaHDOgP"
35,Shauna,Saunderson,XLzJvOlwsNK
36,Vonny,Old,wGcdbOeEaeY
37,Celene,Stover,vsvVdkSIxenMRh
38,Belinda,Vale,"sbgGFGqdBkClyO "
39,Marcelline,Schroth,X fAzXp GNds
40,Lucille,Karna,TRwqbpPNQvUus
41,Gavrielle,Vorster,WCZBPgwBYgh
42,Jaime,Heidt,STRpKZOHCx
43,Fayre,Lemuela,HDhZtFkFdZSQyd
44,Cyndie,Aida,faRDNMRdXRUph
45,Marylou,Rodmann,DiNRkzStDpWwEWvn
46,Sophia,Eno,vwFLJRZzSLdziNav
47,Lanae,Hylan,rAhjcVjhzd
48,Ekaterina,Khorma,IZeJoUCaexHQ
49,Coral,Jarib,RhaGqWfLVkffDIt
50,Kara-Lynn,Valerio,FcjtPVgcFPKgIA
51,Priscilla,Luhe,miFWEwLDdzY  KjI
52,Rivalee,Whiffen,ioZEPnVecMe
53,Albertina,Guthrie,"UQLMhywmGNaXZyK "
54,Sheelagh,McCutcheon,PdXvGRENkYlMX
55,Cordi,Norrie,rvwLyyBGdsdRE
56,Lynea,Berne,DKghCSnar q
57,Mahalia,Nikaniki,xRoAGxeePP
58,Adriana,Vale,nxuJaIuoeClfuWh
59,Blinni,Poll,GfTSYaBPpyX
60,Mallory,Roumell,IYbLuYtcblHw
61,Magdalena,Martguerita,SKgVcjCjyLZBlU
62,Corly,Swigart,QkeiQFJukjFYXAu
63,Britte,Woodberry,odzavxCUjoHszAl
64,Ekaterina,Cristi,BA zGfKQNvGgemL
65,Dorice,Therine,yYEqiYpgDkSDO
66,Florencia,Kare,cBQcGugRJcQ
67,Sindee,Germann,pFFRkLbiTe gbdHP
68,Ayn,Hertzfeld,SfgiilRtC znQVxG
69,Sheree,Ashely,bvSZqVFINzXVjD
70,Gavrielle,Tayib,ZJDVh BZXYBwKx u
71,Vere,Socha,sSbwoedYWHyXqPD
72,Ingrid,Wind,IfJKMolhaGt
73,Britni,Stefa,jdgkPOzNoNw
74,Wynne,Dalli,tteRLDyQDsfmvL
75,Renie,Gaal,rWAuIHOhEjxe
76,Leona,Ajay,TGsCDVqLHcaDMlvR
77,Desirae,Narton,tHTfZqtgWWloXne
78,Winifred,Wilkinson,jMczwHKjGvWH
79,Loree,Rese,ClFemgdUTM a
80,Kathy,Rosette,OcJoJafcHOPSsJ
81,Michaelina,Fairweather,hzEOLIjvGOU
82,Winny,Levey,oWAyVxOUkRdCQP
83,Sidoney,Evangelia,l JYUHvLtYP
84,Gilda,Buckler,VuBztflXRF
85,Asia,Merriott,gJfbrryAeVLtodo
86,Concettina,Stuart,XwhepeKXptgn
87,Starla,Wittie,DGzfZpVRgo HQilL
88,Antonietta,Carvey,MQNUKecmKscB
89,Linet,Shama,DQfCDX xRJIgQe
90,Paola,Japeth,wFFBoQQiHGK
91,Allis,Mullane,mNPCndoGdxKtqjB
92,Lila,Malina,NteIqjLJBQSJdp
93,Nadine,Bennie,bFMIHgCLjxn FFV
94,Jany,Karylin,PzbdzKUe PqtDHMD
95,Vere,Desai,cNqBgohvhft
96,Nita,Stav,BWcYCQyCcsQ
97,Kenna,Koziara,DGKVRNHORh
98,Collen,Lymann,IzTNdvBqWumQ
99,Phylis,Knowling,vFdXzPapqBxVhMmu
100,Jaclyn,Si,tnibFKoqvtojBvSH
101,Tatiania,Garrison,zuRGeuiqtn
102,Therine,Azeria,ZcXPWlGXRYLv
103,Alameda,Jaylene,cpiGemfxossvd
104,Jillayne,Tannie,fHfjUpSL qoozy
105,Dania,Rona,UNctNLxGKflbNC
106,Lindie,Burch,DRAReAWhGnVKwiR
107,Aubrie,Fabiola,TBbXCReHxAvRvmq
108,Georgetta,Morgun,kvGzZPyShFxpcJ
109,Sibella,Thar," JNSAaBMaeDq Eur"
110,Hayley,Tamar,AwsvmiIkCqasVxh
111,Leona,Jeanne,PwgzKDmwEWLMIfy
112,Rhea,Atcliffe,WgPVdbUjRP
113,Correy,Ambrosia,WvJsrhDecBi
114,Minne,Sikorski,EZsbiJqX LvnmkB
115,Maye,Miru,zqMVtkptZuulK
116,Inga,Aaberg,RNOlzqoXYrKSi
117,Carlie,Yate,rJAqMamwgJ
118,Minne,Terrence,wdGiKTalquFJ
119,Layla,Bivins,HnAHOObQdIVKc
120,Jaclyn,Norvol,ECXLdwxElKv
121,Rosabelle,Brandice,eCQzkxUpsdLgqza
122,Charlena,Cloris,ycSmqJxljGlspu
123,Cherrita,Dunkin,ZUiopJpwXOySR
124,Amii,Alejoa,YgslTRnBom Pk
125,Gabriellia,Aurelio,mfmZzuhLptVIcv
126,Olwen,Ferino,IyRQuvLzdCFe
127,Benita,Hachmin,WSCcjgxEJXROQVi
128,Dennie,Callista,SYxTLmauvGjJmj
129,Mahalia,Atonsah,QtDqhCnJJFfhWM
130,Kore,Fabiola,KmFcLNCFGfv
131,Oona,Cleo,Srudz tWPWER
132,Tierney,Aaberg,wBOjGLJEYyuH
133,Philis,Evvie,koUQNkxAjLgb
134,Amara,Hilbert,FInJFjywMnw
135,Pamella,O'Rourke,KYZYtZWEArKQDbn
136,Bobbi,Henrie,GpbMVqiNYvYahbAb
137,Maud,Plato,NeNxBtBsnoa
138,Dorothy,Old,OBrCaZTvKSRxmRk
139,Jorry,Honoria,yQgvKPizPEfqQW x
140,Rhea,Herrera,IryttXvRd m
141,Fredericka,Dosia,BPmIIgKbFFujn
142,Carolina,Matthew,oWCmmVkEXaZ
143,Wanda,Rocray,QgGPwBUV KTi
144,Carly,Phaidra,BBMoQhclYc
145,Daune,McClimans,pNTYLvbeTPVuGjgZ
146,Dari,Deegan,mTOvOfgNt uZNARV
147,Brandise,Mandler,zxjGPFjwMyhK
148,Jennica,Hashim,wfGzEVXbEq
149,Minda,Atcliffe,FiqohtugOLYmxC
150,Rosene,Annabella,newxRmSqwcqSGWm
151,Bill,Naor,lBogkfeZPfP o
152,Gisela,Isacco,ZpOwiCZrrP
153,Tonia,Angelis,khpOdFbAIB
154,Pollyanna,Mayeda,MZAcLTLiLr
155,Wilma,Ochs,YCHbZajLJqolc
156,Gabriellia,Jagir,HrQbyGTLsc
157,Bernardine,O'Rourke,WaGEgaAMAiB
158,Ernesta,Chobot,UWHKGsBrEJpxbE
159,Sue,Allare,TcDfJRBp I
160,Malina,Arley,JVPJupLLoy
161,Desirae,Tound,mgNERAdvyXoQwr
162,Rosanne,Zola,vlFsBNzewrgHmiHd
163,Henriette,Kalinda,HFKFZUWMSDv
164,Farrah,Hutchison,blJHar QbFemBtM
165,Atlanta,Dielu,nhStnIaFVX qBIJp
166,Nessie,Woodberry,ZpAhAuBulMj
167,Kellen,Laverne,UfacFqJGEK
168,Deloria,Drus,ApKbnjnrWcyKkKg
169,Dode,Parette,tfdbzqxXEBNWjM
170,Blondelle,Caitlin,TJwiNPQe uWn
171,Cristine,Ingra,HiMtsEOZ VDPc
172,Ellette,Thilda,HBBYqYhxMhTihBp
173,Elise,Hurley,MPRoZnO zWQipLZ
174,Harmonia,Diann,dVR QTkgody
175,Anallese,Japeth,GwzMUNVYBuR
176,Ericka,Rozanna,WLXGpcZzhAesl
177,Claresta,Sprage,Kj VLMxcSkfv
178,Kamilah,Maxi,EZvJeSItXgnd
179,Verla,Shaddock,ELNSBEUDiXCoF
180,Sarette,LaRue,FlVhYCtPCPJMxv
181,Wileen,Silvan,mSgYtgHhTktakQ
182,Roberta,Niccolo,NXIOkQheGGmNmI
183,Joelly,Mike,tFiYOPYRbzJj
184,Wendi,Ledah,ofvblySI whJ
185,Verla,Eben,ggHTsNmWUXTShL
186,Flory,Iphlgenia,ntQyrKvKgEIBgiF
187,Kary,Vary,VTeBftBhMww
188,Sindee,Abram,dVqsGt DNc
189,Luci,Stacy,hQEsSGH Qd
190,Asia,Romelda,rmfawShzHJeF
191,Yetty,Wind,BkIuAoOCVtrOuz
192,Linzy,Chaing,jLJofgLbjkoxzK
193,Steffane,Ball,lHAAnJuYpQClfTO
194,Angelique,Cullin,mcYzoHICqSL
195,Violet,Margret,SJgFCenSO Mdg
196,Gui,Mayeda,YhEtaJuXRMLD
197,Wynne,Valoniah,yLAyXWwxqDTGA
198,Celisse,Esmaria,OcgYBPEsUHI
199,Ana,Ilka,QCtqdadnnQvF
200,Nickie,Clarissa,qhPaxluB tjxuG
201,Ginnie,Salvidor,kaiCVUOxBK
202,Dulce,Phyllis,xqyfcOKQJuEQvIzV
203,Riannon,Letsou,npAtr TZvXh
204,Johna,Japeth,sXCOKEOCYZ hZPXO
205,Genevra,Nahum,RjFuakzGyvpxTWl
206,Beverley,Turne,xGvJutserwKhyhqy
207,Juliane,Konyn,kkGba bqwlmo
208,Michaelina,Moina,tAViJeNWubqBf
209,Laure,Nadia,oxuLrjaWjcx
210,Ericka,Fink,cphqXPRUKVTrSCQm
211,Carmencita,Gamaliel,wzdLAOYOsIXhZV
212,Valeda,Stelle,gQdtGVWk XFxw
213,Gloria,Lauraine,otiwNsUiylRzG
214,Melisent,Evangelia,fWXVIsWHKJcm
215,Cindelyn,Atonsah,HbZwLrLSXHbOQHSL
216,Leontine,Selway,QsGqDnyCSS
217,Eadie,Uund,"QuImupZuUdRn "
218,Merrie,Katrine,xKJGXIbtZgaZlU
219,Paule,Teddman,KcrVMvpcZnxyKJx
220,Karlee,Federica,BZHESSpuIroCm
221,Vanessa,Norrie,wsTulrPcNOX
222,Florencia,Hurley,Xeo jRvVeBoEid
223,Loree,Kravits,qgcjeGlXLbyU
224,Ashlee,Skell,aLqSQDC Rgb
225,Caritta,Cherianne,PPTtodrOwUm Ob
226,Meg,Dom,ojBpaVvcSbxGsP
227,Glenda,Florina,kRWVZjRp QsSeCM
228,Bibby,Carleen,TvzYSKmKxgivgd
229,Ida,Brian,"VVkmYeTSYacm "
230,Gerrie,Adalbert,lReNzHJcQWJt
231,Adore,Morrill,"gmvYpGMBikbPF "
232,Kellen,Saree,scxxydbtKz
233,Willetta,Denis,mmXZPvnKnuq
234,Melina,Regan,YNQYQwbFAFnWFiC
235,Brandise,Dalli,xviECdEIcyPko
236,Bettine,Kylander,izLgyCcG avKq
237,Joceline,Cullin," oVvafaUJXm"
238,Odessa,Robertson,O zDlAQ PkxZ
239,Adele,Dawkins,qElUxTgQsEHkcLTM
240,Anestassia,Amasa,BsgtKrl ADrTc
241,Adelle,Malina,FXOMzqmMYrqyRxij
242,Merci,Lytton,zUVKpQANpGCTH
243,Darci,Thornburg,hGMohOPrQbFlejP
244,Melina,Zuzana,VVLpznyQzPFbPZK
245,Tersina,Carleen,RoYRMLV qtn
246,Pamella,Eckblad,CYVdHMSAKEqT
247,Ariela,Pond,rq JMBxzHk
248,Belinda,Kelula,eAwaiEaHnXiu
249,Sophia,Horan,iWzzHfqIqD
250,Elsie,Rheingold,iuNbYRLTSkL
251,Benita,Mata,SSCrNA fflmka
252,Ginnie,McNully,bYMSQBqOOTFKN
253,Consuela,Sekofski,fAjhztYPtuQQ
254,Dagmar,Wenoa,uRDzDOePcGX
255,Bernardine,Buffum,NAErLyGm lxCJwtd
256,Rivalee,McAdams,iEPodUQko OJ
257,Orsola,Cressida,PqKUabm A gCIun
258,Emilia,Bashemeth,hqlXXxSDvSRpLO
259,Dulce,Hedve,pjcHtkZHBBsvxHLz
260,Dorothy,Plato,plmqNGUG zx
261,Tani,Bach,huNti WoxiHCFjUn
262,Joleen,Linehan,kWLyfpelRMb
263,Genevra,Ricki,ISFXenAbahtQwGRT
264,Isa,Koehler,XwnzbVucYB
265,Cristine,Fabiola,YMcbvnO RRCVrFqg
266,Ethel,Ax,oBGtCcyMKV
267,Steffane,Dash,"kNTzvFlFEA dZeV "
268,Jan,Leary,PsGlH rYysubBIj
269,Susan,Arne,nebRAofjLsYCQ
270,Sadie,Gabrielli,CzgrQfbnciFilfw
271,Arlena,Buckler,qvDnJQjMJAGgI
272,Vere,Corilla,wkfoLYyG gp
273,Atlanta,Ashok,EZoLvUUGnmGikIf
274,Mariann,Crudden,pzQvnEWNSSdxI
275,Oona,Sawtelle,CYVLGtbLsHg
276,Frieda,Saree,ykluSbdWvgOCxwS
277,Maisey,Johnsson,wjLbcdzNhAbnUb
278,Micheline,Smitt,ZovEWHaaDRHGRtOR
279,Bernardine,Glenden,qOzKOiRzZoHqYhFO
280,Mariele,Engdahl,yBkUeaHLlAFf
281,Doralynne,Blake,DcmVDVzKaQF tp
282,Ottilie,Anderea," ZzrooOvYmJevNO"
283,Hallie,Waldron,mMrKAGwNUEFhWXt
284,Chandra,Aldric,QZxIpyQmUsCnMK
285,Sue,Amadas,rgJ kzwEhtL
286,Evaleen,Jammal,uXxZTsohIwCTglW
287,Neila,Keelia,MtYIwDrtsWHndS
288,Minda,Nickola,GcdUyBFMmcYLtk
289,Allis,Hieronymus,dnLFzqQtiT
290,Annecorinne,Peti,FxdhjEYNBIrEoJ
291,Jaclyn,Chinua,xDWvUCRykOdaMiZ
292,Chrystel,Edmund,WOvMSLzqByUcifHm
293,Shandie,Olin,Hz zUJYdvhx
294,Kirstin,Toor,GtjeatH iD
295,Flo,Nea,ldvKYBUUFndl
296,Ekaterina,Lucienne,fsptTlVyIBJVj
297,Antonietta,Swigart,DDRfxbgFuLdYsZ
298,Hayley,Schalles,gBnflEtLxsmGSO
299,Thalia,Flita,SPJqwLydSVPG
300,Dorothy,Ephrem,EwWoeyDXxw
301,Layla,Guildroy,xy jyBmqhKd
302,Kalina,Orelee,pNEnrFqkdJDFpkmp
303,Penelopa,Ade,tLgrQmMqenEIvYNl
304,Georgina,Goth,nubNWOEOhLlxl
305,Annora,Ranjiv,KZzsl jt D
306,Cathie,Auberbach,pdAMEfFswtS
307,Kylynn,Thomasina,raIjnUtYtqtjq
308,Clementine,Zamora,DEsydLzIGRdGzl
309,Agnese,Jerold,TAEbxgpssencW
310,Pollyanna,Garbe,beaPhAvKcCqlrIAE
311,Roseline,Cherianne,uvLIXAtGOhcC
312,Donnie,Orlene,LSanVvjLUqRwPT
313,Florencia,Ilka,eOpNelOXUUUO
314,Viki,Anestassia,mzSHUSXKZHxaVuS
315,Tobe,Docilla,yuhiSAeDDsEzfc
316,Viki,Guildroy,VtRExQhcAiEnUC
317,Jessy,Dannye,NDQJdapjZvaNuB
318,Sharai,Constancy,qMqavZLhtOLL
319,Cissiee,Nisbet,O NZZFwgsVQz
320,Nickie,Geffner,a xzuwfrbobOINWc
321,Raina,Buttaro,rClBwK RLop
322,Rebeca,Fry,kJPXEnLAPPNEqdLF
323,Candy,Demitria,wazSSdjOIoVwkf
324,Binny,Sabella,d VRznIZuWKXkHu
325,Dorice,Melleta,zgSaxDbBAx
326,Lusa,Cottle,GojLexfXMTodBwlK
327,Stephanie,Bach,nbWBjZsYSjGkx y
328,Aurore,Peti,WGoyzcqQIV
329,Ketti,Thornburg,YYVvlPprGqji
330,Chere,Jethro,gwuIosLAruYe
331,Marcelline,Merat,uYrIHDxNwsrt
332,Nananne,Regan,MvRkLwDvcUvIIZi
333,Allyce,Shama,FiWWYzdJndMfbEz
334,Fayre,Bryna,PelrWoIBFkywE
335,Calla,Iiette,YphhufwnxWPLJ
336,Elbertina,Rebecka,F wVIPwkpzjZpyWG
337,Helsa,Earlie,IdTWuwwxnf
338,Siana,Grayce,"hanBmIDMav "
339,Melanie,Rhu," XfpKkweUJpZQ P"
340,Alisha,Roscoe,QRfK XcfMZwX
341,Marguerite,Brittani,WNtkKvdOByqt
342,Yetty,Vacuva,mNkKPsunMLcO
343,Madalyn,Stoller,oHrvIjivkxXJu
344,Ericka,Gibbeon,vUrAxPWjTbkwuqP
345,Ida,Stanwood,UKrWlNROnhLr
346,Deane,Gaal,rQDMhRpHYmCVjpms
347,Peri,Lymann,aFLMAtnGKH
348,Carilyn,Cressida,QfNGSygeLq
349,Jinny,Francene,gQZcmDxjVFHi
350,Doro,Rugen,FazSmxEUdjoOXdpB
351,Mamie,Jary,YAaOBkhgZFJ
352,Trudie,Dowski,gLkYjNkuhwsfr
353,Vevay,Darrell,BMwSRMzKxl
354,Correy,Darbie,RZIXCoRbrqbaGZ
355,Gratia,Desai,RlieGaXaOHhUMSno
356,Linet,Boycey,TorUwcbLzf
357,Latisha,Myrilla,KMXvJUrcafrSOwI
358,Lusa,Ariella,GpJER aqCA
359,Meriel,Santoro,KApaZx mYzheb
360,Doralynne,Andrel,yJYAtgbnkk
361,Basia,Mintz,QY UxHhaPwBxk
362,Lisette,Leary,gVyqtKUoWJYqswBt
363,Mady,Swanhildas,sNHDerYCdt
364,Merrie,Atcliffe,XhBsqBeNsYOaum
365,Rori,Zina,ePkvWoCpNFAlq
366,Madelle,Doig,RIGkbZh ZT
367,Lizzie,Dichy,jEOIKTLcKScPNTu
368,Deirdre,Fancie,PJQgkGrTkSA
369,Paule,Alejoa,yECSeQsgJjUrK
370,Brynna,Michella,ceYzoYTmbSA
371,Estell,Meter,zsDehGDhmwt
372,Nita,Concha,vrlPzdvQnkhPoa
373,Belva,Fleeta,xkOZDQfiBhhxmadQ
374,Wynne,Goddard,W uERnaARadRKlWu
375,Brooks,Cristi,DqGYUwsnAflQGoud
376,Elka,Hourigan,oYEoKUaMDStofS
377,Donetta,Hashim," YLSNZjaKT"
378,Melisent,Bendick,mCckAjjSDNAX
379,Letizia,Alcott,jb tMbzsapt
380,Myriam,Miru,EjfNZ XgZG
381,Clementine,Dom,IvcMTmrnBBQ
382,Daphne,Ogren,ZYtYVgKoEY
383,Darci,Aurelio,gWkDozzvRCneL
384,Sue,Swanhildas,OTvgSnCIvXKuj
385,Corene,Virgin,v  SFeenrypipRN
386,Mamie,Callista,LuRFelqvjrhGmI
387,Kristina,Zeeba,JbPsSpZCFT
388,Lynde,Felizio,jryQktPsuCAH
389,Nickie,Vanni,JnGj RhsmSOnfa
390,Ileana,Astra,qzvKoxDVaZX
391,Robinia,Raffo,aEaSTbxpUNXIVyo
392,Belinda,Edvard,KPxUyjNvByIWh
393,Brana,Elisha,crmQAKfkeNJ
394,Jean,Shirberg,GseLMSWgQbzDnbB
395,Leontine,Fax,rYcAsZZZoH Pv
396,Belva,Baudin,wzmMHRHiuDV
397,Selma,Xerxes,tMRbVKHvTXHHKuF
398,Adriana,Quinn," TMavEhl dSl"
399,Sheelagh,Redmond,YeqhoOpZvByd
400,Pamella,Fabiola,PmPntFqipwFNip
401,Jsandye,Tjon,VzYzEbm ZD
402,Aaren,Milde,GhBsWFQeKkw
403,Eugine,Emerson,lHmjfpZlCAocSrzY
404,Jessamyn,Ailyn,JJIMwNtShuN
405,Goldie,Lynn,KWGTwlqBuP
406,Harmonia,Myrilla,AHofSeamfJYti
407,Lizzie,Modie,EeozkEixvzjvZRyU
408,Ira,Goddard,YajcTY aduBqN
409,Beverley,Ramona,MxDhlIIRDUobFMy
410,Fawne,Kermit,doYUIqJUuYPOiQT
411,Rivalee,Sigfrid,eSAaAalHFTNay
412,Claudina,Joeann,EQyQVvSTxbTTNV
413,Edith,Genna,VNqEZlMSkcf oZxk
414,Farrah,Alabaster,xb vexSUVX
415,Lesly,Fredi,janiRpGOOtQXdE
416,Kial,Campball,FpPhZQiUFVrwLUKR
417,Philis,Agle,VTeXOzRkiytv
418,Jacquetta,Poll,EePCIHAfOKWXprsh
419,Eolanda,Ranjiv,"LbvHHhRfIbci "
420,Kathy,Amadas,JwjZHMPQmgtMUmG
421,Alyda,Standing,cAXTcsbYaZ
422,Lexine,Madaih,TXfBeULDTu
423,Tressa,Merriott," WaZAggXpLLQMs"
424,Danny,Delacourt,mQvYSTmiBG
425,Verla,Isidore,XcMVYsLypMZ
426,Mureil,Eckblad,luOQEIIfOLrx
427,Amara,Joseph,aExP uLzrUneL
428,Caryl,Hashim,klMCstBsMjzDd
429,Korrie,Euridice,ozIUvtsZwT
430,Jsandye,Parsaye,kSvtuXXCgKvmay
431,Gilligan,Shaddock,zhkTVbQXgfHspswh
432,Jordan,Mandler,eKpccTiDPZpjCuP
433,Kittie,Persse,uuKgzUZAxRSrdXa
434,Kial,Colbert,KWBcIvehpI
435,Deane,Juan,OTHgaXFncb
436,Sherrie,Lucienne,iKivraVsHD
437,Karolina,Lubin,TDTOhsuHhtdnDh
438,Letizia,LaRue,tDUlhJrxljPvvtBH
439,Ayn,Anton,PTwYSFBQreP
440,Grier,Malvino,ujMihuInvZ
441,Luci,Ilka,iLRxPoEBgx
442,Therine,Nester,oROtaUoqZTalnUT
443,Drucie,Fax,UpDEbwPuSXBW
444,Libbie,Valerio,zdspNZqxLCfehhk
445,Nerta,Stilwell,LXbmfvZdFdfY
446,Morganica,Roxanna,wimNFTpsNmQ
447,Elka,Wu,tQHI BmZAEQDhDd
448,Edyth,Autrey,oBiDYBBgOYiTwq
449,Modestia,Ambrosia,lcAnQlvUJY
450,Keelia,Rozanna,BaUzLmQSjb
451,Peri,Manolo,IZUdqSLYEFepy
452,Vivia,Voletta,YHcRz pzRYV
453,Wilma,Mintz,YzXqWulUEOZPvfV
454,Berget,Hashim,EV PgmsflPkRS
455,Cristabel,Berard,KsWWqnCtqF
456,Roz,Audly,gFOUvmZLCqLPkQ
457,Blake,Havens,jwDlXFsLgHgAynf
458,Gilda,Azeria,aBZMaXmbIEhVPb
459,Aaren,Vacuva,TDxXPSJVVVA gDt
460,Nessie,Stover,JEXFmQCPNbkHAw
461,Queenie,Merat,XhWVQhLGGa
462,Mahalia,Kress,eecysaufXSvgE
463,Lelah,Riva,JUdDZzVkJEtIIw
464,Corry,Vale,sazDQUtQHmUAPEb
465,Averyl,Randene,nXdpcqCkhjDPy
466,Paola,Ivens,VLvYrgVW gsj
467,Dione,Kress,qYQEHzStnqpFl
468,Kayla,Bettine,BynQnRDqcnG
469,Bernie,Bronk,aPARVDlkCJAl
470,Bill,Linskey,sISlbpSblvXl
471,Kary,McGrody,FEHdHCqtHioUxIHx
472,Dorothy,Libna,MbDWwDFyIajA DGd
473,Christy,Minetta,OWGCWDgtqJHDKMd
474,Neila,Jobi,LSPDYrTmHTTb
475,Philis,Hunfredo,yIVLmayhcEmA
476,Molli,Avi,IGKQOepmAtfJ
477,Jeanna,Zuzana,gaucSElpjep
478,Dorothy,My," ypaqDLdAdjLLHfs"
479,Rori,Oneida,QITDj XvAnRnNLdT
480,Althea,Frodi,FhocNKVaeuhHg
481,Celene,Ortrude,jPyRer qycqf ONq
482,Amelia,Hollingsworth,YqqFpQYlkD
483,Renae,Dosia,"JMJGpxWtiVBTBg "
484,Consuela,Dannye,iOSCEQtsKeLQILFq
485,Norine,Evangelia,kyEUDsWbnEej
486,Jennica,Pernick,jyZQKzEXgO
487,Morganica,Blase,KAHG uaNBmno
488,Raf,Justinn,fobfiXpiGhKwjfp
489,Rani,Hartnett,SutwpKmOYltzGfba
490,Angelique,Giff,nXjGwKXgUp
491,Reeba,Joachim,UqFLxnwdsyFe
492,Adele,Krystle,ZFqBGiHhyGW
493,Vivia,Rogerio,dlFEJRroxXxhowQ
494,Minne,Blake,KXgUpwVAnXCFvrJz
495,Fanchon,Ochs,pMGAVcaHozAx
496,Yetty,Howlyn,XvVDgBVKxPQeQ
497,Concettina,Belldas,oe CLjviHyqgQR
498,Susan,Heidt,lSTaTihpCI
499,Lulita,Ophelia,viFPvrkouFDZsEmP
500,Talya,Justinn,vOrCGlJfPHTw
501,Beth,Monaco,JwxLctrBHyYXBC
502,Jenilee,Dorothy,qksdsFclORgl
503,Antonietta,Ietta,PwJFmJGOGXPV
504,Maurene,Tacye,zXbESDZoTk
505,Kayla,McAdams,oFxDoDfxnVdqBtLN
506,Mildrid,Roxanna,GznIQvvIcu
507,Annice,Frendel,qogqKNvsCYraHT
508,Selia,Dowski,XYJyGJHPHlmHFnQg
509,Aigneis,Faro,fgOAkqWXXGKC
510,Lanna,Arley,nHKTzBpsANp
511,Sara-Ann,Tengdin,jFELKBtcwxz
512,Nollie,Dudley,fmMEvaikRPYc
513,Estell,Aaberg,AkWAsctTraQKi
514,Kittie,Dawkins,ZVbEiPHqDYPgOz
515,Lorie,Zola,GznHylRnyelrGs
516,Glenda,Maples,FrYGySzMtYipr
517,Lyssa,Kosey,jtlBMYTVkOOgY
518,Demetris,Velick,"VbrpEw bmvdc "
519,Arlina,Brodench,ovOOKRwiWa
520,Taffy,Aprile,fg OUJKAPCZxLGlT
521,Dawn,Parette,vDfKEUrUUHOWX
522,Kimberley,Margret,lAoxODUTlMXerVes
523,Di,Weaks,SGZxQJUIbeBKE
524,Belinda,Bonucci,QkadbqmWsjlWT
525,Bertine,Delila,BecetrncNFuVN
526,Modestia,Tannie,hsfLNukzsLFGzW
527,Ana,Dearborn,flczwWECVwrQWSmB
528,Lindie,Raul,NKWwPRCPQU
529,Mara,Lewes,MsSrCiEPiyLEuGK
530,Ariela,Bergman,lfEuhxpbLjTZoN
531,Glynnis,Wenoa,GROkHwNvWlVeXFGB
532,Carol-Jean,Euridice,lPwwgBeGKzwgp
533,Bobbi,Tamar,ETwRFJZFihJo
534,Katleen,Secrest,WvjQLVcTwtaJW
535,Gisela,Frodi,bKERkxT joMZJ
536,Janenna,Ciapas,yXLgoPfwhn
537,Chloris,Garlinda,YGMBbsKHJeqktmRT
538,Jany,Raseda,wGJKVDWZRSy
539,Liana,Neils,kuOeghdslg
540,Mureil,Rosemary,wJhF rHXDtulSsU
541,Max,Saunderson,uCjUpGNkWxAbo
542,Carilyn,Eno,EzHZyTYWOBcz pEM
543,Rubie,Bohlin,W CZOpIqxPGGvu
544,Christal,Tarrant,TySZcwGesHGw
545,Esmeralda,Mich,nsybUUSgbyuUkzV
546,Nadine,McLaughlin,DLffUsULPFm
547,Tamqrah,Lilas,LLcIvbdxRsUOUZNg
548,Cyb,Stover,hfmgQjNESAYN
549,Mildrid,Blake,wpXbqaDUKRFWmsm
550,Carree,Ackerley,bcuExpwyfIRJVgL
551,Stephanie,Swanhildas,QnWPMsuucb iPAf
552,Shauna,Keily,ihElcejaPTNnTdI
553,Robinia,Jillane,mxkPxBUCsJmeu
554,Sam,Toor,kjczoacnDWHgfoF
555,Kerrin,Henrie,D xikolKCXBll
556,Sybille,Zachary,wILMBrCnICeBsFY
557,Priscilla,Rozanna,nkuKGcqvxbBWrF
558,Raina,Anastatius,CAChWvlahisd
559,Elise,Devlen,SFjVivVfsT
560,Hayley,Rooney,zmtXblYEtkiyCraE
561,Zaria,Tillford,LJlggjOubLFaoSR
562,Meg,Tomasina,MiuFAMxyisBIP
563,Jacquetta,Stacy,xoqrmzEQLSaXCb
564,Dode,Olnee,RplGuWoYNgxR
565,Sabina,Weide,WeIKHbaznnO
566,Valeda,Brackely,ZlpVmYyVQL
567,Laurene,Cynar,AxPPDVazTyxwL
568,Constance,Llovera,aeeYpYNnaHLUxsab
569,Ermengarde,Cohdwell,ynNmInYDnDpLk
570,Sissy,Ralfston,EZvbmQaraBS
571,Sherrie,Madox,RWojRWVmukqc
572,Jillayne,Edee,JGLXLlrnos Yo
573,Gabi,Barrus,upqnmLyZWEWGx
574,Sarette,Germann,YdIoeiNMFcrt
575,Aubrie,O'Rourke,xiIjIwOrMn
576,Korrie,Arne,ytoBBDBXflTCTs
577,Ardenia,Hull,"uCZWNRqOPS "
578,Albertina,Christal,MPdPAvnFPnmw
579,Juliane,Juan,pWjoTaoSlFRKvJg
580,Kellen,Thar,QmZOOVcpmV
581,Thalia,Publia,khcuRJztqUui
582,Di,Secrest,epMMpiqtPXKy
583,Stephanie,Garek,YsbEkoADakPunmlX
584,Doro,Faro,mdlNZzqGzo bVwfw
585,Sharai,Tippets,yIAPthTblZDbmWXR
586,Sarette,Dituri,hQrY byHspmF
587,Bill,Larochelle,UEEIeddokXDYmz
588,Christian,Othilia,BNJQqIJIVqBha
589,Glenda,Danby,jEBPXbQjWtTzmZ
590,Marinna,Earlie,aooxIRWUMGtjSo
591,Dyann,Seligman,hbOCphyfStCRcOw
592,Noelle,Cleo,dfDstbkrTKYzF
593,Antonietta,Alice,yYKinJkoZVaaoSMG
594,Deane,Chesna,OAuzRbhEMwqqy
595,Rori,Anselmi,QpgwtDFFGjPxZb
596,Nanete,Bluh,asWFXpnNVTTT
597,Elie,Forrer,lIDEnZRggZPrH
598,Lorenza,Egbert,mrtocFAlOJQeoB
599,Ezmeralda,Tremayne,IYFyfYSqpL
600,Chastity,Amand,yGSPbDEBqEgTLwW
601,Celene,Oneida,eGSygBq Dc
602,Althea,Lubin,fkxSTfXFkFuBxitR
603,Jsandye,Sammons,ItXCerDfyHhMIe
604,Cathie,Chabot,gPBIAnjyhrqsvbB
605,Mignon,Fennessy,DMBcFfdpWnMVBuRn
606,Elise,Sherrie,"kYYCHPVLqY "
607,Tonia,Isidore,GkgGoGyWTdrgjjG
608,Heida,Diann," rOtkqXnconjPYod"
609,Kirstin,Bouchard,i zCcPLlKKoW
610,Priscilla,Shaddock,bbKQRIbiavsBm
611,Minne,Gilbertson,RYdaXgijCX
612,Renie,Gilbertson,NiVvpqaRqbYu
613,Fina,Macey,ZCmlAoLkCe
614,Emmey,Alcott,lVpZV rSPZ
615,Maisey,Bertold,ipeKgMvmp e
616,Frieda,Anselmi,vBwTbowJpK
617,Misha,Edvard,SmQikehOvsHhXFp
618,Amelia,Thornburg,dZiFvzFa PnAqo
619,Lila,Gamaliel,"rTBBivym wpdOcf "
620,Rosaline,Colbert,OjDVsGZcrTZbgSN
621,Cecile,Johanna,ABjS nRbkz
622,Nannie,Sallyann,vOpvEpwFptTE
623,Elka,Ade,zZOXNSmJsbNSiJ
624,Heida,Lissi,eKTEUAVkSDdu
625,Sean,Celestine,ryqEeWz DsQIjV
626,Edyth,Lea,JszXltelJ F
627,Celisse,Shaver,pJoDbKzUr h
628,Jessy,Byrne,SWQcdrgRsox
629,Kamilah,Margret,ZmSgOhHNUGPyGGYa
630,Melina,Eliathas,PcDaqazeFNELuJD
631,Steffane,Howlyn,sfoRJLSirfm
632,Hannis,Riva,NGcaTWSb RoayQV
633,Ana,Rogerio,KlXgAkIQUIBorSn
634,Barbara,Leopold,fGGglVBoHfblc
635,Edith,Elbertina,ZdZUJUKKup
636,Merry,Sinegold,fmOWtIaGxG
637,Dennie,Gert,XRrOeEFgDfa
638,Berget,Verger,ImRtfKZjJEqNUpWy
639,Odessa,Randene,YDwgJlBweB
640,Nariko,Knowling,raaySet Wmpf
641,Loree,Denis,vuynnhJwVqw
642,Annecorinne,Johanna,cjfkttNBsxSgbD
643,Bernardine,Cookie,lSWzuHEYdRRRF
644,Queenie,Jalbert,EYakcwfhbvoV
645,Charlena,Ambrosia,nHQHTRcJiCdveY
646,Pollyanna,Cornelia,rCVtLKkXXvTRcsub
647,Ruthe,Gamaliel,CDwCaZMGDLXBwZiA
648,Morganica,Bennie,HzUYzFPuIkTw
649,Elora,Couture,BcCqLaFDWihUcc
650,Leia,Faro,ZYDQUDJHWE
651,Caressa,Keelia,tN uCsHbMSamck
652,Jsandye,Timon,oUKVZahodyg
653,Margette,Truc,jwwzQOFpCMd
654,Kenna,Santoro,oXakvNlXtJ
655,Gusella,Oster,yxsSMHHRwlba
656,Ernesta,Percy,sRpVbxYTmIy
657,Barbi,Luhe,DfiKVvYbaq
658,Inga,Barrus,cFsAOCpkPrVLgR
659,Daune,Vanni,NTsCL M BkvOcnx
660,Georgetta,Cristi,ONIjJnBbCNiUc
661,Sybille,Wesle,RVSOjrnLWM
662,Anica,Liva,ibJsUdJcfk
663,Kittie,Ball,IONtNHdkDXxYRLy
664,Renie,Whittaker,FQDQawtVzcIUu
665,Basia,Milde,iNTzeQgDmv
666,Inga,Girardo,EBTZmlcqmQkbVBpX
667,Pearline,Trinetta,iSQyEbbWigdVocpo
668,Kore,Atcliffe,abPrOllxTaCOXoT
669,Brana,Weinreb,uEzSosDAYan
670,Catrina,Ledah,"UzttBWCciNFX "
671,Hope,Goth,"npJhKRtekgLw "
672,Consuela,Lemuela,sHsTVAykphxAARk
673,Tersina,Weide,"GuvHSIiAw "
674,Lory,Mayeda,FCyyeIlXUXyK
675,Nyssa,Korey,uwqcKhRljSPh
676,Ivett,Dorothy,RnXQfAoILrnl
677,Lorenza,Jobi," EVGEcKlJs"
678,Elvira,Anselmi,RKFmRXLrKkLkScn
679,Corene,Couture,vaGSwTCUXLXWHuAN
680,Lynea,Percy,PfUklubWcm
681,Lita,Chauncey,SAIdfFfskMtr
682,Chickie,Septima,FmkfyplaeOVZzr
683,Gerianna,Cordi,YowGeeeovXGR
684,Diena,Jotham,QKWZdqXMYbtWvipG
685,Gavrielle,Deegan,scBwAcoWQsctGp
686,Aimil,Peti,HEVBDMAPHbHLQvW
687,Elsie,Yorick,adXAhKOLtGTHUO
688,Edyth,Belldas,AqC hqyDyoEoojv
689,Lorne,Pauly,bnxXnOYAfGJ
690,Winny,Lilas,tflEgvqsvhWNg
691,Renie,Grobe,majqTStqYN
692,Gabriellia,Kiyoshi,MIWlmhpGEk
693,Diena,Guthrie,C WyoSvUWGFx
694,Sybille,Gregrory,"jwGRCjjRhNzLk "
695,Renie,Zamora," RKTOhHXKfQkvz"
696,Delilah,Shields,NhABeZ enJDGx
697,Marylou,Kathie,bCtNpWYUvOXi
698,Coral,Kenwood,XwTdgKZVYU KUCe
699,Consuela,Maxi,EfHJGssNRV
700,Dulcinea,Cassius,doycIKrH W
701,Magdalena,Gunn,rqVofWwNOTRYQY
702,Carly,Morrill,RtOURxaAvAu
703,Penelopa,Payson,phprLVILsSlQYbV
704,Lusa,Seligman,EqyStZNDigtFFd
705,Jeanna,Ciro,RtQQczSJaP
706,Merrie,Trey,MKGAvqZWclCOZ
707,Roseline,Leler,ZxRTTbGZcop
708,Lily,Lesley,kWOgnYYPqFINfPR
709,Courtnay,Standing,EEFxcIlLoLvL QW
710,Jeanna,Knowling,awjxyqqdAwYX
711,Dotty,Kalinda,LAffNBFBWES
712,Ardeen,Anastatius,SsRJu BgkFWI
713,Amelia,Center,ZMTAuXopRnRKk
714,Verla,Toffic,QOcrxmSCdNdU
715,Dagmar,Ophelia,oUzVmKFqeiHCIhA
716,Aubrie,Charity,NRXEMfSuCXGgJk
717,Bettine,Randene,HbTYDBlDlDpH
718,Bettine,Kazimir,lqAGnwEuCoN
719,Regina,Kimmie,aiRREtEZIxwtSTna
720,Mildrid,McAdams,pvFS zxSUCoOamNv
721,Ana,Azeria,kBhBSSMevLRezp T
722,Giustina,Bach,gyMvH xnpuhUKW
723,Consuela,Harned,LqcmULxEXc
724,Candi,Urias,dqCprNVhBQMaS
725,Courtnay,Leonard,AJCCLSVwGjZaezA
726,Gilligan,Raffo,QDbPabYGixNyttvj
727,Coral,Naor,BNykvqvNnplxfJ
728,Natka,Kress,SrBoLjYVBO
729,Catharine,Gemini,qIVDjqngacKxY
730,Shannah,Iphlgenia,pYAP RbugMWtwwbw
731,Willetta,Nahum,MMXhGqsJZbDE
732,Ashlee,Jarib,rxUGjivNmgfdOy
733,Latisha,Florina,LkSmpgjECSmmShf
734,Beth,Marisa,PKV  MYJPHtzwfy
735,Shaine,Myrilla,dwVMuqUOcWdDdBUF
736,Vevay,Tristram,YEfrZALkxTVbfN
737,Valli,Malanie,"yxfXjxMQpd "
738,Nyssa,Ilka,sOgPyjllRFkyAddK
739,Sarette,Juliet,XuJhBvNOnFvQCn
740,Demetris,Mandler,fNWDaFCMc k
741,Gwenneth,Johnsson,glcVWVZvGNRg
742,Kara-Lynn,Faria,QXfuGMrlvXyo
743,Nollie,Tarrant,QfXcKFbWytY
744,Pierette,Shanley,bxuYFkmXkxMdXB
745,Tonia,Zachary,yaDTGQetkk
746,Annora,Nance,sfKGcIZpmietuK
747,Farrah,Laurianne,mPJt QqXLbI
748,Eugine,Martsen,vrRwQOuNqGlY f
749,Chickie,Hazlett,QbrooABESE
750,Hollie,Brotherson,LdJgxJEb HNfvPhC
751,Charmaine,Hewitt,pPXrbxufBH
752,Daryl,Salvidor,BOLYPkaVHrvkQafC
753,Zsa Zsa,Screens,jEYJDIPYoPjPZ
754,Kimberley,Rubie,kmLcITlUude
755,Celene,Phi,YbCWshwSuTFJVRNI
756,Bernie,Hortensia,FzsvwCiMhnS E
757,Elyssa,Lenny,RqHFvdBOODoVK
758,Chrystel,Amand,ZniIPtPedzWL
759,Shaine,Jaylene,ryIkIiblNuhBVR
760,Marita,Dorine,lkEwPtk ryuMJva
761,Danny,Lia,pLwFyCYribvxD
762,Coral,Turne,MwgktEyeaUfY
763,Marline,Guildroy,zMOFwvKpPgMhNCk
764,Mara,Larochelle,wjPinfyxTwM
765,Dode,Tiffa,J iigHVDUTXphLnE
766,Doralynne,Morehouse,QbfhUkQWsWRWHNle
767,Pollyanna,Alwin,UGeVOjyytVkht
768,Glenda,Charmine,Zk xTwCtxxXFgTp
769,Elfreda,Anyah,RGWUYWNlmbC lBn
770,Gabi,Wadell,cUirxWzJxi
771,Flo,Leler,aKNThcCiKSLNjOa
772,Lenna,Larochelle,mRlxfJMTSp
773,Taffy,Bergman,YXSfhwoIfLc
774,Ada,Penelopa,lEBaMaSsEP
775,Shell,Means,ETTWBKlKCg
776,Gerrie,Carolin,gmkVuhBfhCIlo
777,Catrina,Gamaliel,ptRE xNXgMJhysv
778,Magdalena,Raul,WsghfxwpkkQvR
779,Britni,Lasley,ghtsIXKkzq
780,Celisse,Andrel,RxyzlKGYFuKg
781,Valli,Simmonds,"wuNCwMqpR "
782,Kathy,Lymann,bKYbRkiIIi
783,Evaleen,Gemini,IkNTuVWMnRprmgX
784,Kirstin,Vharat,MDnSMprebu
785,Nadine,Hoban,uBpDuAoXnqxwvKSf
786,Sashenka,Nester,FUqYwWXFuCQFurk
787,Mariann,Nore,OilQQuuhWhdzH
788,Diena,Geffner,Y CyrLLczKHlEF
789,Celene,Buckler," PLMRNFTVIRlKz"
790,Verla,Brunell,gmnJZDgAabEVt
791,Chloris,Ardra,AWZGZhxWiCIXBxWd
792,Talya,Stanwood,"tO kHbJRQyHGsDJ "
793,Coral,Buckler,"doVPivcNPYbz "
794,Fidelia,Berl,oAXNbsHJeXJ
795,Myrtice,Brady,CHeQDYdUULZ
796,Thalia,Bluh,THCKhfWM oFpo
797,Debee,Wilkinson,InjbxsLOtd Ctgx
798,Charlena,Rillings,ApEssB wPCPn
799,Rosanne,Aprile,lWxWNuOOwPIM
800,Nyssa,Saint,ymlNdkLILzvlUM
801,Mellicent,Henebry,lmGVjvEgx Ua UI
802,Augustine,Fadiman,zFON JPJeXrxNgOb
803,Hannis,Teryn,JwGxlttvBLMo
804,Lonnie,Talia,mZxVTLowGiOj
805,Shauna,Bryna,LuojmUIFUHflZ Iv
806,Dode,Himelman,qHvWfODpckyaW nh
807,Julieta,Kress,qjEnBPlQoKHJK
808,Leeanne,Beebe,OqJKbhXkQyJ
809,Correy,Wadell,VHw NTjhZy
810,Dominga,Barney,jSk KgMSOVi kt
811,Carlie,Suk,SoslCyAgkhzuVPOo
812,Tierney,Schonfeld,OtEazHJYCqHl
813,Gianina,Rogerio,SKWXwUeawHSGEe
814,Fayre,Torray,kwYLcJhwzRsbT
815,Vita,Hubert,ikFZxxsVVfwwC Df
816,Brooks,Halla,WSuPGKZGzmuoXRNE
817,Pearline,Emerson,UWmDGPjEaoPzxFcQ
818,Gusella,Tjon,wNMLKhGdsZkCgsF
819,Dede,Melleta,VnuLihFtrFSPK
820,Sandie,Vins,KhbprVHXOUF
821,Ayn,Chabot,WxTabdGonsLM
822,Bernie,Vins,fAMChVgZcXn
823,Wanda,Eckblad,prPPY ZTcYdR
824,Brooks,Loring,uuoQTwofmMZQpvyp
825,Vivia,Loleta,QtsW XaEjetN
826,Lesly,Melan,RjiObnpjtfb
827,Jean,Erminia,aibvkBqMgT
828,Joeann,Denis,tntSdfdIpsvJlYCm
829,Candy,Milson,kxGooRmwdLVSzW
830,Kelly,Sibyls,JpVVhbswCGNutAEn
831,Miquela,Alrich,dDQhUFHByTyKPAVF
832,Danny,Kevon,mJ gWunzjoWZJd
833,Laure,Darrell,kRIjDai qijwHZ
834,Georgetta,Suanne,"bzeaj KZjm "
835,Flory,Joseph,ctGPhrupIKhSH
836,Ann-Marie,Ashok,qbENZIcfREIZaje
837,Caryl,Earlie,wqSiLjOBXZt
838,Juliane,Manolo,PHrriYlJmSWglsG
839,Donnie,Tamsky,itfh BKOXglWsG
840,Marita,Toni,UCNDgLpKs ADM
841,Fawne,Schlosser,RAwgHJKUfakr
842,Courtnay,Ardra,CjkVtsXoEUPteU
843,Louella,Wesle,iOKtPEYKXIoX
844,Lanna,Sprage,MtuxhjlaIbrpaXX
845,Corene,Bow,tgfPRhiwypGE
846,Mignon,Marcellus,UgsgceUBCoQxqy
847,Modestia,Kellby,sDTlIgdrFPSOEu
848,Rosaline,Gahl,AKpEwYlvFUtDpV
849,Max,Fontana,QSPOHKJnpuUG
850,Oona,Beniamino,BWBZoAyuDlgsNaY
851,Heida,Maroney,GNGGjgEMylyYzG
852,Daphne,Howlyn,EsDBDfgFqZvC
853,Carilyn,Leifeste,HlwSdsMCtL
854,Emmey,Durware,gEZwUpgEIgVuFXk
855,Blake,Shields,vfuifHSfQy
856,Viki,Ardeha,mzMhNJzqxl xap
857,Wendi,Cornelia,TGIjGzNZNaXZSt
858,Dania,Daegal,RfBSWSySmyTCoAJ
859,Tori,Manolo,AEUoHqKmZuKFeXOm
860,Drucie,Bury,uloXopqfUnljE
861,Flory,Eno,xvkhqeuRzhQyogg
862,Florencia,Jehu,tFNEidKZicLwS
863,Diena,Tremayne,adsLkjuQWnU
864,Dorthy,Leifeste,KMbOBccEtw rI
865,Jacquetta,Elephus,cQrPoefOCWguakzY
866,Janey,Iiette,OlHZInoQKNyX
867,Dacia,Cutlerr,qedCBKLutHiTb
868,Shaylyn,Hertzfeld,ogZpyyfXAfU
869,Allis,Podvin,tfWFlNjYnjrmig
870,June,Chaing,xBwyBTukZkaTIkK
871,Siana,Rugen,wSFyDkQwGqw
872,Amii,Boycey,GvVquSzeYpEYt C
873,Blake,Ummersen,kcjtDjutOZ
874,Kary,Idelia,FvFrrdlnvgI
875,Rori,Borrell,wUDLsoGqog
876,Phylis,Medrek,YFoWLfNYKJq
877,Gaylene,Gunn,EAfutOUYiToP
878,Riannon,Medrek," VKaXoeNQLcW"
879,Lauryn,Maples,mKqNNFkwEjeCbqgq
880,Shandie,Jagir,x HUMnlGAngtU
881,Felice,Hebner,OPMsqEPESWtbZkGk
882,Stephanie,Bandeen,BKfMObklBjRANB
883,Goldie,Roxanna,j eAcqlHlEKFchUk
884,Corly,Corabella,KydFQPlXRfRLf b
885,Grier,Robertson,kbxBWvhryIN
886,Katuscha,Ambrosia,EHaBGXWzJHxl
887,Gloria,Raffo,qhsirixTPMfsPPL
888,Ruthe,Germann,shBsUzxhJzWkcej
889,Lonnie,Lanita,bPuIxIVMsAtu
890,Tobe,Bonucci,UmaPwDXapOS
891,Lorne,Mullane,JmPzaoNxPJYBZw
892,Cyndie,Johnsson,wjSdQdvPFNsF
893,Nonnah,Bakerman,UrZay YnIrMro
894,Correy,Vernier,LkgmVVsphsyqypRQ
895,Tiffie,Germann,XatsGFdYAr
896,Moyna,Wadell,kX osYjpgYu
897,Lisette,Oneida,jJhlmEWddgXlLm
898,Brana,Zetta,YBl bEEwrcDvd
899,Nikki,Fairweather,kxuFjyxrvCn
900,Donetta,Chick,TERMLrrjXUM
901,Brena,Trey,mexmmYMTTnCIvqtd
902,Jessy,Kiyoshi,ztBAlxSrftO Am
903,Carree,Sothena,EVtFKMiSSPu
904,Suzette,Corilla,iddihThgj bxP
905,Gloria,Kirbee,iufteYoBGHesKhj
906,Lelah,Dreda,VOrVnahWvt
907,Lynde,Vary,VpStJvStdXxDTJ
908,Binny,Artie,sOuAydCgJhRlKOv
909,Chloris,Maiah,xMxWkRBFQGvXF
910,Vita,Malina,vmQzWVChBeg
911,Dorothy,Hertzfeld,jacDMPRcNNQiNi
912,Elbertina,Dunkin,dADfGLAg cuh
913,Kaia,Lamoree,keLmMzuZjD
914,Amalie,Hessler,MGqAbykVVIvm
915,Janenna,Burch,vXtymTwUcWzywWE
916,Cissiee,Wesle,PoFQPxUkxSB
917,Lucy,Lynn,jzJmOabfihavfW
918,Betta,Mendez,fxyIrQfkRB
919,Carol-Jean,Primalia,XLMBPvUBnFCz
920,Carmela,Eliathas,jOFFVRDefThUgh
921,Lauryn,Sallyann,mxtRyJggPXMqyXqo
922,Benita,Haymes,cWCtFaYRGi
923,Glenda,Lemuela,RKrVzOYNXIu
924,Deloria,Wittie,GSzbcaMpJFjfe
925,Zondra,Zola,fxREcQGRbrkwdCGz
926,Albertina,Rubie,kIjPsABcjum
927,Corry,Tyson,NsmrLyakgzfvZgFp
928,Katharina,Rillings,uGIOyCjEOiFjWU
929,Asia,Nicoline,lFgMDQAuDwKC
930,Abbie,Sekofski,gQMVceukTvMGaQ
931,Cacilie,Felizio,FoppCRmCni
932,Shel,Masao,RuE UScrWt
933,Hyacinthe,Morrill,PAlCMfQIGQhSpO
934,Adore,Bollay,zjvRFtiEYc
935,Lucille,Hubert,BZozrNBXxWRm
936,Dari,Sundin,tnEZCQbRRaNDw
937,Rozele,Merna,VkBSlgGliG
938,Heddie,Sperling,SNlbA VkcFNLqsHI
939,Liana,Marsden,FBSztfTzuBbpHHWp
940,Gale,Daegal,mljduQmEZpngmie
941,Jaclyn,Bobbee,CvcIvyBFXp
942,Oona,Adamsen,dNVnitwXcwiyTcaH
943,Aurelie,Linskey,gavvFxAgpuDb
944,Pierette,Louanna,DWLUOEQkTgOtnXU
945,Aurore,Ruvolo,vgcnKlynruNl
946,Binny,Tound,mlzNpUbsPkddBo
947,Daune,August,dZPZRXDEHddLHG
948,Kirbee,Whittaker,WNEDmKQgGZyIL
949,Marguerite,Bari,hrgDSgkhVnm
950,Antonietta,Hazlett,ROdCFJRwysmzflbx
951,Augustine,Therine,usOXSxVpevkZge
952,Ada,Marlie,rdBNRHqlpRdzwmea
953,Gui,Jerold,GvZUVThdxFhCEYy
954,Dennie,Vastah,Oo QwNUHCJ
955,Jaclyn,Phaidra,fQblDjIUIesV
956,Talya,Anselmi,VFbtBbFlWx
957,Rebeca,Cleo,oHCDvFETEf W
958,Lily,Bouchard,jArYuWroyWLckv
959,Nadine,Callista,RgdQQQxaVt
960,Brooks,Myrilla,aovqUneWhPkkAK
961,Chandra,Annabella,iyKgsOGrFWgY
962,Frances,Allare,xypjPdIlGPIPj vH
963,Lanae,Kevon,JhtKtgjsxem n
964,Candi,Zenas,tEgqkcXzfbFRT
965,Lory,Joli,oJbXxYIYDMMWc
966,Grier,Gaspard,ZLAnBfNKzPb
967,Shel,Vharat,c OcuRcv eslELnQ
968,Marline,Barney,SyLPBYGvfYdKez
969,Kimmy,Codding,CJlrUftiLXlKVmFr
970,Gilda,Dowski,PlzxvKbfGcyerqtA
971,Cyb,Maisey,tfEfmiQm LvxI
972,Fayre,Anastatius,XHQZxskzrVxWjuI
973,Selma,Eiser,AOJAXQfiFKkP
974,Candy,Bahr,czxEVTyDArBqTQ
975,Tabbatha,Evangelia,IfsYgngkbCaLP
976,Shauna,Colbert,oxIEkHnsuZCuapPX
977,Nataline,Hessler,j ZiuJEdrnSr
978,Kalina,Septima,YJAxBMLcuUzcbPie
979,Adore,Dex,VRr xPfBuX
980,Lisette,Linskey,"xmFCcBDiN "
981,Ninnetta,Nerita,TdkZNRERZrpavurl
982,Aimil,Kalinda,qaZiudVgwtJR
983,Alleen,Jalbert,PKxIVuhLWrkboVhR
984,Dorene,Odysseus,zIenHjoDjCHF
985,Siana,Karl,LrArJLuXgJ
986,Blake,Amand,uiCpXkcJpxgHKfX
987,Danika,Meter,qIEvYMKvhDX
988,Luci,Nea,M WifOXSmuL
989,Rivalee,Cosenza,fQOpwScTahECQzOW
990,Julieta,Sigfrid,DaLdrMzQRTcLC
991,Catharine,Saint,irclWZPHAomMR
992,Aryn,Nickola,rUDhKIYbCGazwd
993,Chere,Solitta,WMyobyJiayfFTE
994,Jessamyn,Herrera,szTEaHgnripMKc
995,Marika,Maurine,Ot ExXrBHb
996,Bee,Randene,UrLPhxqZWPAi
997,Deedee,Salchunas,qukerUVjDD
998,Shell,Stuart,whpyiGGl Ygjuwk
999,Britte,Darbie,vG qenJZHrk
1000,Marguerite,Lorain,kDJCRjjNecU